numberSupervisedPairsList,SsvTrainingMeanList,SsvTestingAllMeanList,SsvTestingUsvMeanList
1,0.9994788566263804,0.2817742119912761,0.274524670126275
2,0.9985611073168652,0.42283935417753504,0.41108993064407945
3,0.995043147490199,0.5970311572863827,0.5847215081048212
4,0.9947129200311846,0.7944773501795611,0.7861342014357434
5,0.9923891908888505,0.8784293799513938,0.8724314951652117
6,0.9966865928909225,0.9716466527878651,0.9700483587387337
7,0.9956114988323208,0.9693303406207919,0.9673521889274511
8,0.9970213302426565,0.9858830920854246,0.9849145496369698
9,0.9981855163379156,0.9909237921440047,0.9902055996413104
10,0.9969717688787908,0.9883327229940354,0.9873728290068404
11,0.9985528121561632,0.9960127060125739,0.9956987603094337
12,0.9986397008841396,0.9965113925667481,0.9962211687052858
13,0.9986286774047919,0.9963881130965184,0.9960533161309142
14,0.9982333292203011,0.9961007046400054,0.9957535331967016
15,0.9988574797723897,0.9977864926027855,0.997597494866973
16,0.9991571444968959,0.998500688502982,0.9983756492660462
17,0.999182904397877,0.9985595979705713,0.9984319327987136
18,0.9994609807841737,0.9990910346627391,0.9990098269775463
19,0.9990675600586807,0.9986034291336141,0.9984945589166232
20,0.9991453283391311,0.9986836095450627,0.9985681798465459
21,0.9992494198136882,0.9988616712256926,0.9987585988162255
22,0.9991331452500629,0.9987380460010475,0.9986266077513255
23,0.9988297471987183,0.9981923102703899,0.998001907032058
24,0.9995624784300896,0.9993435121055907,0.9992743648452228
25,0.9990500707614511,0.9987015258338461,0.998585344191311
26,0.9995069769643653,0.9993352751810562,0.9992749475274607
27,0.9989624654640391,0.9985616793099966,0.9984134433352135
28,0.9996617932516341,0.9995218716951951,0.99946745775658
29,0.9994417585451203,0.9990981338070801,0.9989577800408386
30,0.9994475233095994,0.9992871585685059,0.999218430822323
31,0.9992153346517195,0.9989938101559461,0.998894284657845
32,0.9995056825780498,0.9993750526018698,0.9993135796719027
33,0.9992012611152464,0.99899399861051,0.9988919140932516
34,0.9994594792510391,0.9993155132991932,0.9992413490209696
35,0.998899274108499,0.9985941395972471,0.9984298363988808
36,0.9992962647360292,0.999050635885299,0.9989124696567634
37,0.9991766735329947,0.9989192052725155,0.9987679937544561
38,0.9995884586454548,0.9995274714734066,0.9994900922389253
39,0.9996823610149954,0.9996221204187645,0.999583605939207
40,0.9994329885484801,0.9993549210416474,0.9993028760370926
41,0.9991388104829593,0.9990063846630687,0.998914359940772
42,0.9996934458044558,0.9996297270974583,0.9995835859648047
43,0.9996049764903245,0.9995764637071979,0.9995549540637864
44,0.9995972240363761,0.999518238025747,0.999456177588824
45,0.999528757619,0.9994850027937938,0.9994492033913518
46,0.9995482489707015,0.9994726535180772,0.999408257391768
47,0.9994740082905527,0.9993719791385495,0.9992815004565848
48,0.999586753578436,0.9995511176824964,0.9995182230093216
49,0.9995390338719519,0.9995064368908745,0.9994751182227803
50,0.9993597429885457,0.9992803553306289,0.999200967672712
51,0.9992556914523636,0.9991592190662397,0.9990588090317024
52,0.9991465676454594,0.999075959814513,0.9989994679976546
53,0.9995946925289096,0.9995234696659991,0.999443154522717
54,0.9995235900794649,0.9994760818867761,0.9994203113997064
55,0.9995551670627177,0.9995187146749922,0.9994741617566614
56,0.999416362419954,0.9993464555127863,0.9992574830854817
57,0.9994684024464219,0.9994275475605343,0.9993733910838924
58,0.9994601830488078,0.9994149561780293,0.9993525000231444
59,0.999232448814001,0.9991833324275723,0.9991126527495403
60,0.9995065182203249,0.9994629745813697,0.9993976591229365
61,0.9996542127026142,0.999617489604212,0.9995600509118399
62,0.9993703139148794,0.9993317871293461,0.9992689276371604
63,0.9992494291050132,0.999216258861851,0.9991597797991687
64,0.999010294594848,0.9989312486414503,0.9987907225020762
65,0.9997451430906643,0.999725826032565,0.999689951496095
66,0.9993165098198155,0.9992833621456334,0.9992190166604564
67,0.9996193246547673,0.999602086255873,0.9995670870823605
68,0.9996408119193736,0.9996220233480673,0.9995820976340415
69,0.9996185303293771,0.9995985337659852,0.9995540252861778
70,0.9990152567011494,0.9989532585166112,0.9988085960860229
71,0.9994665217261989,0.999448263766646,0.9994035632449823
72,0.9995329287096082,0.9995168375864237,0.9994754604125209
73,0.9994755066652043,0.9994501513311167,0.999381598020436
74,0.9992476444709618,0.9991969303126507,0.9990525900159184
75,0.9996113586316067,0.9996039809088988,0.9995818477407743
76,0.9995830709011949,0.9995836783102486,0.9995856017722516
77,0.9994808484501455,0.999459087269743,0.9993862346223079
78,0.9993754666026847,0.9993467711564387,0.9992450327561121
79,0.9993783937849413,0.9993630760727502,0.9993054522983174
80,0.9992105392302542,0.9991880113007324,0.9990978995826459
81,0.9995944349722506,0.9995804517372294,0.9995208389984527
82,0.9995738145315565,0.9995557895755013,0.9994736758868068
83,0.9992110621067679,0.9991977615934499,0.9991328237931321
84,0.9994312937645431,0.9994304872940099,0.9994262533237116
85,0.9996182887070058,0.9996036050775988,0.9995203978442928
86,0.9996786384979875,0.9996769008880644,0.9996662269985368
87,0.9995644546102112,0.9995532461580672,0.9994782357475656
88,0.9996994442945335,0.9996975509492904,0.9996836664175076
89,0.9997655202435325,0.9997603394192571,0.9997184218410291
90,0.9996210587205587,0.999614231532831,0.9995527868432845
91,0.9994035395643508,0.9994035388487523,0.9994035316132578
92,0.9997229491424898,0.9997206081177323,0.9996936863330241
93,0.9996607003113679,0.999659700800367,0.9996464215827814
94,0.9994718684317139,0.9994741251005312,0.9995094795786722
95,0.9996306025589897,0.9996265747792421,0.9995500469640378
96,0.9994277194638898,0.9994251326987731,0.999363050335975
97,0.999575479329482,0.9995755221012083,0.9995769050537022
98,0.999287727822181,0.9992873953944578,0.9992711064360155
99,0.9996020266603642,0.9996024127018044,0.9996406308044048
100,0.9994493861836748,0.9994493861836748,1.0
