step times epsilon,SsvTraining,SsvTestingAll,SsvTestingUsv
0.0,0.2541357933524302,0.2524192789723338,0.2519901503773097
0.01,0.2544496647521629,0.25252729257958806,0.2520466995364443
0.02,0.25476439613352186,0.2526356920634194,0.25210351604589376
0.03,0.2550799872327668,0.2527444782268309,0.2521606009753469
0.04,0.2553964377437748,0.2528536518586868,0.2522179553874148
0.05,0.2557137473179118,0.2529632137335786,0.2522755803374953
0.060000000000000005,0.256031915563917,0.25307316461169815,0.25233347687364344
0.07,0.2563509420478002,0.25318350523871613,0.2523916460364451
0.08,0.2566708262927516,0.25329423634566567,0.2524500888588942
0.09,0.2569915677790676,0.253405358648834,0.2525088063662756
0.09999999999999999,0.25731316594408743,0.2535168728496582,0.25256779957605086
0.10999999999999999,0.2576356201821457,0.2536287796346286,0.2526270694977493
0.11999999999999998,0.25795892984453916,0.25374107967519954,0.2526866171328646
0.12999999999999998,0.2582830942395068,0.253853773627705,0.25274644347475456
0.13999999999999999,0.25860811263222594,0.25396686213328307,0.25280654950854736
0.15,0.2589339842448223,0.2540803458178062,0.25286693621105216
0.16,0.2592607082563959,0.2541942252918199,0.25292760455067587
0.17,0.2595882838030626,0.2543085011504894,0.2529885554873461
0.18000000000000002,0.25991670997801,0.2544231739735517,0.2530497899724371
0.19000000000000003,0.26024598583156927,0.25453824432527744,0.2531113089487045
0.20000000000000004,0.2605761103713058,0.2546537127544421,0.2531731133502262
0.21000000000000005,0.2609070825621216,0.25476957979430187,0.25323520410234696
0.22000000000000006,0.26123890132637667,0.2548858459625805,0.2532975821216315
0.23000000000000007,0.26157156554402694,0.2550025117614647,0.25336024831582415
0.24000000000000007,0.2619050740527769,0.25511957767760607,0.2534232035838134
0.25000000000000006,0.2622394256482519,0.25523704418213555,0.25348644881560645
0.26000000000000006,0.2625746190841847,0.25535491173068325,0.2535499848923079
0.2700000000000001,0.2629106530726205,0.2554731807634102,0.2536138126861076
0.2800000000000001,0.263247526284139,0.25559185170504684,0.2536779330602738
0.2900000000000001,0.2635852373480929,0.2557109249649444,0.2537423468691573
0.3000000000000001,0.26392378485286516,0.2558304009371319,0.25380705495819855
0.3100000000000001,0.2642631673461428,0.2559502800003862,0.2538720581639471
0.3200000000000001,0.2646033833352082,0.2560705625183109,0.25393735731408656
0.3300000000000001,0.2649444312872488,0.2561912488394236,0.2540029532274673
0.34000000000000014,0.26528630962968336,0.25631233929725633,0.25406884671414953
0.35000000000000014,0.26562901675050726,0.2564338342104633,0.2541350385754523
0.36000000000000015,0.2659725509986553,0.2565557338829414,0.25420152960401293
0.37000000000000016,0.2663169106843803,0.25667803860395894,0.25426832058385357
0.38000000000000017,0.2666620940796537,0.2568007486482973,0.2543354122904582
0.3900000000000002,0.2670080994185791,0.2569238642764009,0.25440280549085637
0.4000000000000002,0.2673549248978285,0.25704738573454017,0.2544705009437181
0.4100000000000002,0.2677025686770921,0.25717131325498377,0.2545384993994567
0.4200000000000002,0.26805102887954857,0.25729564705618135,0.25460680160033955
0.4300000000000002,0.2684003035923526,0.2574203873429601,0.2546754082806119
0.4400000000000002,0.26875039086713953,0.2575455343067287,0.254744320166626
0.45000000000000023,0.26910128872054895,0.2576710881256956,0.2548135379769823
0.46000000000000024,0.269452995134763,0.2577970489650955,0.2548830624226786
0.47000000000000025,0.26980550805806686,0.2579234169774302,0.254952894207271
0.48000000000000026,0.27015882540542246,0.25805019230271925,0.25502303402704346
0.49000000000000027,0.2705129450590609,0.2581773750687592,0.25509348257118375
0.5000000000000002,0.27086786486909387,0.2583049653914003,0.2551642405219769
0.5100000000000002,0.2712235826541387,0.2584329633748296,0.25523530855500237
0.5200000000000002,0.271580096201964,0.2585613691118671,0.25530668733934286
0.5300000000000002,0.2719374032701495,0.25869018268427374,0.2553783775378048
0.5400000000000003,0.272295501586763,0.258819404163069,0.25545037980714547
0.5500000000000003,0.27265438885105564,0.2589490336088635,0.25552269479831546
0.5600000000000003,0.2730140627341706,0.259079071072199,0.2555953231567061
0.5700000000000003,0.2733745208798703,0.2592095165939032,0.2556682655224114
0.5800000000000003,0.2737357609052784,0.2593403702054521,0.2557415225304955
0.5900000000000003,0.2740977804016368,0.259471631929349,0.25581509481127707
0.6000000000000003,0.27446057693508047,0.2596033017795095,0.2558889829906168
0.6100000000000003,0.27482414804742494,0.259735379761662,0.25596318769022125
0.6200000000000003,0.27518849125697026,0.2598678658737559,0.2560377095279523
0.6300000000000003,0.27555360405931856,0.26000076010638473,0.2561125491181513
0.6400000000000003,0.2759194839282079,0.26013406244321663,0.2561877070719688
0.6500000000000004,0.27628612831635857,0.2602677728614392,0.25626318399770937
0.6600000000000004,0.276653534656334,0.2604018913322142,0.25633898050118425
0.6700000000000004,0.2770217003614152,0.26053641782114145,0.256415097186073
0.6800000000000004,0.2773906228264893,0.26067135228873717,0.25649153465429914
0.6900000000000004,0.27776029942894875,0.2608066946909193,0.25656829350641197
0.7000000000000004,0.27813072752960677,0.26094244497950675,0.25664537434198176
0.7100000000000004,0.2785019044736222,0.2610786031027273,0.2567227777600035
0.7200000000000004,0.27887382759143786,0.26121516900573677,0.25680050435931145
0.7300000000000004,0.2792464941997296,0.2613521426311481,0.25687855473900273
0.7400000000000004,0.27961990160236877,0.2614895239195715,0.25695692949887217
0.7500000000000004,0.27999404709139347,0.2616273128101636,0.2570356292398561
0.7600000000000005,0.28036892794799095,0.2617655092411882,0.2571146545644875
0.7700000000000005,0.2807445414434918,0.2619041131505848,0.25719400607735804
0.7800000000000005,0.2811208848403724,0.2620431244765495,0.2572736843855938
0.7900000000000005,0.2814979553932673,0.2621825431581231,0.25735369009933706
0.8000000000000005,0.2818757503499925,0.26232236913579093,0.25743402383224057
0.8100000000000005,0.2822542669525746,0.2624626023520892,0.2575146862019678
0.8200000000000005,0.28263350243829083,0.26260324275222413,0.25759567783070747
0.8300000000000005,0.28301345404071604,0.2627442902846962,0.25767699934569127
0.8400000000000005,0.2833941189907778,0.2628857449019376,0.2577586513797276
0.8500000000000005,0.28377549451781847,0.2630276065609535,0.2578406345717372
0.8600000000000005,0.28415757785066487,0.2631698752239773,0.2579229495673054
0.8700000000000006,0.28454036621870316,0.26331255085912864,0.258005597019235
0.8800000000000006,0.28492385685296046,0.26345563344108397,0.2580885775881148
0.8900000000000006,0.2853080469871937,0.26359912295175364,0.25817189194289364
0.9000000000000006,0.28569293385898076,0.26374301938096595,0.25825554076146223
0.9100000000000006,0.2860785147108199,0.26388732272716114,0.25833952473124644
0.9200000000000006,0.28646478679123055,0.2640320329980895,0.25842384454980427
0.9300000000000006,0.2868517473558606,0.2641771502115208,0.2585085009254358
0.9400000000000006,0.2872393936685964,0.2643226743959565,0.25859349457779657
0.9500000000000006,0.2876277230026762,0.2644686055913542,0.25867882623852373
0.9600000000000006,0.28801673264180727,0.26461494384985346,0.25876449665186496
0.9700000000000006,0.2884064198812844,0.2647616892365118,0.2588505065753186
0.9800000000000006,0.28879678202911135,0.26490884183004476,0.2589368567802781
0.9900000000000007,0.28918781640712415,0.2650564017235743,0.25902354805268685
1.0000000000000007,0.2895795203521166,0.2652043690253824,0.25911058119369884
1.0100000000000007,0.28997189121696454,0.26535274385966945,0.2591979570203457
1.0200000000000007,0.2903649263717536,0.2655015263673192,0.2592856763662106
1.0300000000000007,0.2907586232049053,0.26565071670666873,0.25937374008210956
1.0400000000000007,0.29115297912430493,0.2658003150542857,0.2594621490367809
1.0500000000000007,0.29154799155842687,0.26595032160574594,0.25955090411757575
1.0600000000000007,0.29194365795746147,0.26610073657642147,0.25964000623116146
1.0700000000000007,0.29233997579443943,0.2662515602022691,0.2597294563042265
1.0800000000000007,0.29273694256635574,0.26640279274062556,0.25981925528419303
1.0900000000000007,0.29313455579529046,0.2665544344710054,0.25990940413993413
1.1000000000000008,0.29353281302953066,0.2667064856959062,0.2599999038625001
1.1100000000000008,0.293931711844686,0.2668589467416133,0.26009075546584515
1.1200000000000008,0.2943312498448052,0.2670118179590118,0.26018195998756344
1.1300000000000008,0.2947314246634869,0.2671650997243995,0.26027351848962765
1.1400000000000008,0.2951322339649899,0.2673187924403071,0.26036543205913637
1.1500000000000008,0.2955336754453372,0.26747289653631634,0.26045770180906114
1.1600000000000008,0.29593574683341883,0.26762741246988564,0.26055032887900237
1.1700000000000008,0.2963384458920901,0.2677823407271779,0.26064331443594985
1.1800000000000008,0.2967417704192636,0.26793768182388794,0.260736659675044
1.1900000000000008,0.29714571824899955,0.2680934363060771,0.2608303658203465
1.2000000000000008,0.2975502872525898,0.2682496047510066,0.26092443412561084
1.2100000000000009,0.2979554753396372,0.2684061877679758,0.2610188658750605
1.2200000000000009,0.29836128045913046,0.26856318599916046,0.261113662384168
1.2300000000000009,0.29876770060051216,0.2687206001204543,0.26120882500043985
1.2400000000000009,0.2991747337947436,0.2688784308423132,0.26130435510420563
1.2500000000000009,0.29958237811536054,0.2690366789105976,0.26140025410940687
1.260000000000001,0.29999063167952744,0.2691953451074224,0.2614965234643961
1.270000000000001,0.3003994926490816,0.26935443025200223,0.2615931646527324
1.280000000000001,0.3008089592315728,0.26951393520150135,0.26169017919398346
1.290000000000001,0.3012190296812971,0.2696738608518848,0.2617875686445317
1.300000000000001,0.30162970230032354,0.26983420813877007,0.2618853345983817
1.310000000000001,0.3020409754395141,0.2699949780382797,0.2619834786879711
1.320000000000001,0.3024528474995369,0.27015617156789434,0.2620820025849837
1.330000000000001,0.30286531693187263,0.2703177897873081,0.26218090800116695
1.340000000000001,0.30327838223981535,0.2704798337992831,0.26228019668915004
1.350000000000001,0.30369204197946287,0.2706423047505051,0.26237987044326566
1.360000000000001,0.30410629476070483,0.2708052038324408,0.26247993110037476
1.370000000000001,0.30452113924819946,0.27096853228219325,0.2625803805406917
1.380000000000001,0.30493657416234465,0.27113229138336054,0.2626812206886145
1.390000000000001,0.3053525982802437,0.2712964824668925,0.26278245351355467
1.400000000000001,0.30576921043665917,0.27146110691194786,0.26288408103077004
1.410000000000001,0.3061864095249647,0.2716261661467534,0.26298610530220057
1.420000000000001,0.3066041944980863,0.27179166164946217,0.2630885284373061
1.430000000000001,0.30702256436943665,0.27195759494901045,0.2631913525939039
1.440000000000001,0.3074415182138426,0.2721239676259774,0.26329457997901107
1.450000000000001,0.3078610551684658,0.2722907813134412,0.26339821284968506
1.460000000000001,0.30828117443371444,0.2724580376978405,0.263502253513872
1.470000000000001,0.30870187527414983,0.2726257385198296,0.2636067043312495
1.480000000000001,0.30912315701938387,0.2727938855751377,0.2637115677140761
1.490000000000001,0.3095450190649706,0.2729624807154272,0.26381684612804135
1.500000000000001,0.3099674608732906,0.27313152584915157,0.26392254209311683
1.5100000000000011,0.3103904819744262,0.2733010229424115,0.2640286581844078
1.5200000000000011,0.31081408196703414,0.2734709740198153,0.2641351970330106
1.5300000000000011,0.3112382605192049,0.2736413811653327,0.2642421613268647
1.5400000000000011,0.311663017369322,0.2738122465231552,0.2643495538116135
1.5500000000000012,0.31208835232691,0.2739835722985519,0.2644573772914624
1.5600000000000012,0.312514265273477,0.2741553607587257,0.2645656346300379
1.5700000000000012,0.31294075616335104,0.2743276142336714,0.2646743287512515
1.5800000000000012,0.3133678250245105,0.274500335117032,0.26478346264016234
1.5900000000000012,0.313795471959406,0.2746735258669546,0.26489303934384173
1.6000000000000012,0.31422369714577875,0.2748471890069481,0.26500306197224044
1.6100000000000012,0.3146525008374716,0.27502132712673916,0.26511353369905605
1.6200000000000012,0.3150818833652328,0.27519594288312826,0.2652244577626022
1.6300000000000012,0.31551184513751707,0.2753710390008468,0.2653358374666792
1.6400000000000012,0.3159423866412778,0.2755466182734138,0.2654476761814478
1.6500000000000012,0.316373508442756,0.27572268356399127,0.2655599773443001
1.6600000000000013,0.3168052111882631,0.2758992378062436,0.2656727444607387
1.6700000000000013,0.3172374956049579,0.2760762840051922,0.26578598110525076
1.6800000000000013,0.31767036250161884,0.2762538252380736,0.2658996909221873
1.6900000000000013,0.3181038127694126,0.2764318646551978,0.26601387762664414
1.7000000000000013,0.31853784738265567,0.27661040548080496,0.2661285450053423
1.7100000000000013,0.3189724673995734,0.27678945101392455,0.2662436969175124
1.7200000000000013,0.3194076739630539,0.27696900462923424,0.2663593372957793
1.7300000000000013,0.3198434683013968,0.2771490697779192,0.2664754701470498
1.7400000000000013,0.32027985172906026,0.2773296499885314,0.26659209955339913
1.7500000000000013,0.32071682564740106,0.27751074886785165,0.2667092296729643
1.7600000000000013,0.32115439154541386,0.27769237010174874,0.26682686474083245
1.7700000000000014,0.3215925510004657,0.2778745174560455,0.26694500906994045
1.7800000000000014,0.32203130567902655,0.2780571947773772,0.2670636670519649
1.7900000000000014,0.32247065733739866,0.2782404059940598,0.2671828431582251
1.8000000000000014,0.32291060782244,0.278424155116952,0.26730254194058
1.8100000000000014,0.32335115907228873,0.2786084462403232,0.26742276803233184
1.8200000000000014,0.3237923131170814,0.27879328354272015,0.26754352614912985
1.8300000000000014,0.324234072079672,0.2789786712878359,0.2676648210898768
1.8400000000000014,0.3246764381763457,0.27916461382537977,0.26778665773763827
1.8500000000000014,0.3251194137175343,0.2793511155919484,0.26790904106055197
1.8600000000000014,0.32556300110852576,0.2795381811118995,0.2680319761127429
1.8700000000000014,0.32600720285017604,0.2797258149982259,0.2681554680352384
1.8800000000000014,0.32645202153961594,0.27991402195343107,0.2682795220568848
1.8900000000000015,0.32689745987096047,0.28010280677040833,0.2684041434952703
1.9000000000000015,0.32734352063601374,0.28029217433331993,0.2685293377576465
1.9100000000000015,0.32779020672497516,0.2804821296184792,0.2686551103418552
1.9200000000000015,0.3282375211271443,0.28067267769523374,0.2687814668372561
1.9300000000000015,0.3286854669316253,0.28086382372685115,0.2689084129256576
1.9400000000000015,0.32913404732803103,0.28105557297140843,0.2690359543822528
1.9500000000000015,0.32958326560718704,0.28124793078267946,0.26916409707655253
1.9600000000000015,0.33003312516183664,0.2814409026110308,0.26929284697332934
1.9700000000000015,0.33048362948734383,0.28163449400431406,0.2694222101335566
1.9800000000000015,0.33093478218240024,0.28182871060876474,0.2695521927153559
1.9900000000000015,0.33138658694972944,0.28202355816990243,0.2696828009749457
2.0000000000000013,0.3318390475967935,0.28221904253343305,0.2698140412675929
2.010000000000001,0.332292168036501,0.28241516964615365,0.2699459200485668
2.020000000000001,0.33274595228791565,0.28261194555686275,0.2700784438740995
2.0300000000000007,0.33320040447696564,0.2828093764172693,0.27021161940234517
2.0400000000000005,0.33365552883715577,0.2830074684829083,0.27034545339434646
2.0500000000000003,0.33411132971028096,0.2832062281140575,0.2704799527150016
2.06,0.3345678115471403,0.2834056617766581,0.27061512433403756
2.07,0.33502497890825544,0.28360577604323767,0.2707509753269832
2.0799999999999996,0.3354828364645897,0.28380657759383904,0.2708875128761513
2.0899999999999994,0.3359413889982684,0.28400807321694715,0.2710247442716168
2.099999999999999,0.3364006414033056,0.28421026981042663,0.27116267691220686
2.109999999999999,0.336860598686328,0.2844131743824554,0.27130131830648724
2.1199999999999988,0.3373212659673064,0.28461679405246715,0.2714406760737573
2.1299999999999986,0.33778264848028905,0.284821136052097,0.27158075794504904
2.1399999999999983,0.33824475157413536,0.285026207726127,0.2717215717641249
2.149999999999998,0.3387075807132568,0.28523201653343994,0.27186312548848574
2.159999999999998,0.3391711414783586,0.2854385700479744,0.27200542719037835
2.1699999999999977,0.33963543956718606,0.2856458759596851,0.27214848505780986
2.1799999999999975,0.34010048079527333,0.285853942075504,0.27229230739556165
2.1899999999999973,0.3405662710966978,0.2860627763203119,0.27243690262621545
2.199999999999997,0.3410328165248385,0.28627238673790767,0.27258227929117496
2.209999999999997,0.34150012325313567,0.28648278149198436,0.27272844605169655
2.2199999999999966,0.34196819757585717,0.28669396886710935,0.2728754116899224
2.2299999999999964,0.3424370459088704,0.28690595726970997,0.27302318510991985
2.239999999999996,0.34290667479041403,0.28711875522906066,0.2731717753387223
2.249999999999996,0.34337709088187995,0.28733237139827755,0.27332119152737694
2.259999999999996,0.3438483009685954,0.2875468145553147,0.27347144295199455
2.2699999999999956,0.34432031196061186,0.2877620936039667,0.2736225390148054
2.2799999999999954,0.3447931308935003,0.28797821757487657,0.27377448924522063
2.289999999999995,0.34526676492914704,0.28819519562654444,0.27392730330089377
2.299999999999995,0.3457412213565602,0.28841303704634536,0.2740809909687916
2.3099999999999947,0.34621650759267764,0.28863175125154933,0.27423556216626727
2.3199999999999945,0.3466926311831812,0.2888513477903467,0.27439102694213807
2.3299999999999943,0.34716959980331774,0.28907183634287864,0.27454739547776885
2.339999999999994,0.3476474212587227,0.2892932267222715,0.2747046780881587
2.349999999999994,0.3481261034862534,0.28951552887567705,0.2748628852230329
2.3599999999999937,0.34860565455482384,0.28973875288531786,0.27502202746794135
2.3699999999999934,0.34908608266624824,0.28996290896953547,0.27518211554535726
2.3799999999999932,0.34956739615609045,0.29018800748384843,0.2753431603157879
2.389999999999993,0.350049603494516,0.2904140589220082,0.27550517277888126
2.399999999999993,0.3505327132871553,0.2906410739170679,0.2756681640745461
2.4099999999999926,0.3510167342759691,0.29086906324245093,0.2758321454840714
2.4199999999999924,0.35150167534012083,0.291098037813026,0.2759971284312523
2.429999999999992,0.3519875454968579,0.2913280086861905,0.27616312448352365
2.439999999999992,0.3524743539023951,0.2915589870629535,0.27633014535309314
2.4499999999999917,0.3529621098528076,0.29179098428902905,0.2764982028980844
2.4599999999999915,0.3534508227849288,0.29202401185593296,0.276667309123684
2.4699999999999913,0.3539405022772566,0.29225808140208526,0.27683747618329246
2.479999999999991,0.3544311580508638,0.29249320471391743,0.27700871637968083
2.489999999999991,0.35492279997031695,0.29272939372698703,0.2771810421661546
2.4999999999999907,0.35541543804460174,0.2929666605270964,0.2773544661477201
2.5099999999999905,0.3559090824280536,0.29320501735141724,0.27752900108225814
2.5199999999999902,0.35640374342129766,0.2934444765896213,0.27770465988170223
2.52999999999999,0.3568994314721932,0.2936850507850166,0.27788145561322247
2.53999999999999,0.3573961571767862,0.2939267526356899,0.27805940150041586
2.5499999999999896,0.3578939312802683,0.294169594995654,0.27823851092450036
2.5599999999999894,0.35839276467794434,0.29441359087600333,0.27841879742551806
2.569999999999989,0.35889266841620376,0.294658753446072,0.27860027470353904
2.579999999999989,0.359393653693502,0.29490509603460097,0.2787829566198757
2.5899999999999888,0.35989573186134743,0.2951526321309105,0.2789668571983012
2.5999999999999885,0.3603989144252951,0.29540137538607725,0.27915199062627283
2.6099999999999883,0.36090321304595,0.2956513396141209,0.2793383712561636
2.619999999999988,0.3614086395399728,0.295902538793193,0.27952601360649804
2.629999999999988,0.36191520588109843,0.29615498706677634,0.27971493236319583
2.6399999999999877,0.3624229242011571,0.29640869874488796,0.27990514238082065
2.6499999999999875,0.3629318067911047,0.2966636883052887,0.2800966586838347
2.6599999999999873,0.3634418661020601,0.29691997039470286,0.28028949646786355
2.669999999999987,0.36395311474634806,0.2971775598300392,0.28048367110096195
2.679999999999987,0.3644655654985528,0.29743647159962305,0.2806791981248906
2.6899999999999866,0.3649792312965753,0.2976967208644349,0.2808760932563998
2.6999999999999864,0.365494125242699,0.2979583229593528,0.28107437238851624
2.709999999999986,0.36601026060466146,0.2982212933944052,0.2812740515918411
2.719999999999986,0.36652765081673655,0.2984856478560302,0.28147514711585364
2.7299999999999858,0.36704630948081884,0.29875140220834095,0.2816776753902215
2.7399999999999856,0.3675662503675198,0.2990185724943999,0.2818816530261199
2.7499999999999853,0.3680874874172672,0.2992871749375002,0.2820870968175584
2.759999999999985,0.368610034741414,0.2995572259424535,0.2822940237427134
2.769999999999985,0.369133906623352,0.29982874209688715,0.28250245096527093
2.7799999999999847,0.36965911751963576,0.30010174017255026,0.2827123958357789
2.7899999999999845,0.37018568206110947,0.3003762371266229,0.2829238758930013
2.7999999999999843,0.3707136150540437,0.3006522501030404,0.2831369088652896
2.809999999999984,0.3712429314812772,0.30092979643382034,0.28335151267195613
2.819999999999984,0.37177364650336653,0.30120889364040127,0.2835677054246599
2.8299999999999836,0.37230577545974064,0.30148955943498745,0.28378550542879916
2.8399999999999834,0.3728393338698665,0.301771811721907,0.2840049311849171
2.849999999999983,0.3733743374344144,0.3020556685989725,0.284226001390112
2.859999999999983,0.37391080203643623,0.3023411483588564,0.28444873493946143
2.869999999999983,0.3744487437425456,0.3026282694904726,0.2846731509274544
2.8799999999999826,0.3749881788041084,0.30291705068036934,0.28489926864943454
2.8899999999999824,0.37552912365843627,0.30320751081413083,0.2851271076030545
2.899999999999982,0.37607159492998726,0.30349966897778813,0.28535668748973836
2.909999999999982,0.37661560943157457,0.3037935444592429,0.28558802821616
2.9199999999999817,0.37716118416557853,0.30408915674969766,0.28582114989572743
2.9299999999999815,0.3777083363251663,0.3043865255451004,0.2860560728500839
2.9399999999999813,0.37825708329551727,0.30468567074759745,0.2862928176106175
2.949999999999981,0.3788074426550547,0.304986612466999,0.2865314049199851
2.959999999999981,0.37935943217668144,0.3052893710222543,0.2867718557336475
2.9699999999999807,0.3799130698290233,0.30559396694294044,0.28701419122141975
2.9799999999999804,0.38046837377767695,0.30590042097076203,0.2872584327690333
2.9899999999999802,0.3810253623864632,0.3062087540610614,0.28750460197971095
2.99999999999998,0.381584054218687,0.3065189873843462,0.28775272067576096
3.00999999999998,0.3821444680384013,0.3068311423278231,0.28800281090017854
3.0199999999999796,0.3827066228116761,0.3071452404969499,0.28825489491826833
3.0299999999999794,0.3832705377078737,0.3074613037169989,0.2885089952192802
3.039999999999979,0.3838362321009281,0.30777935403463347,0.2887651345180598
3.049999999999979,0.38440372557063046,0.3080994137195004,0.28902333575671785
3.0599999999999787,0.3849730379039171,0.3084215052658354,0.289283622106315
3.0699999999999785,0.3855441890961658,0.30874565139408344,0.28954601696856286
3.0799999999999783,0.38611719935249267,0.3090718750525357,0.28981054397754646
3.089999999999978,0.3866920890890576,0.30940019941898,0.2900772270014606
3.099999999999978,0.3872688789343698,0.30973064790236865,0.29034609014436835
3.1099999999999777,0.387847589730603,0.3100632441445033,0.29061715774797836
3.1199999999999775,0.3884282425349098,0.310398012021734,0.2908904543934401
3.1299999999999772,0.38901085862074425,0.3107349756466799,0.2911660049031638
3.139999999999977,0.3895954594791864,0.31107415936996324,0.2914438343426574
3.149999999999977,0.3901820668202711,0.31141558778196454,0.29172396802238787
3.1599999999999766,0.3907707025743215,0.3117592857145955,0.292006431499664
3.1699999999999764,0.39136138889328675,0.31210527824309175,0.292291250580543
3.179999999999976,0.3919541481520822,0.3124535906878242,0.2925784513217597
3.189999999999976,0.39254900294993555,0.31280424861613304,0.2928680600326824
3.1999999999999758,0.39314597611173463,0.31315727784417996,0.2931601032772913
3.2099999999999755,0.39374509068938063,0.3135127044388241,0.293454607876185
3.2199999999999753,0.39434636996314454,0.3138705547195193,0.29375160090861296
3.229999999999975,0.39494983744302625,0.3142308552602326,0.2940511097145342
3.239999999999975,0.39555551687011964,0.3145936328913891,0.29435316189670646
3.2499999999999747,0.3961634322179789,0.3149589147018392,0.2946577853228043
3.2599999999999745,0.3967736076939909,0.31532672804084905,0.29496500812756354
3.2699999999999743,0.3973860677407498,0.31569710052012,0.29527485871496256
3.279999999999974,0.39800083703743505,0.31607006001583055,0.29558736576042943
3.289999999999974,0.39861794050119503,0.31644563467070663,0.29590255821308453
3.2999999999999736,0.39923740328853324,0.3168238528961207,0.2962204652980176
3.3099999999999734,0.3998592507966988,0.3172047433742175,0.29654111651859716
3.319999999999973,0.4004835086650794,0.3175883350600683,0.2968645416588155
3.329999999999973,0.401110202776603,0.31797465718385776,0.2971907707856714
3.3399999999999728,0.40173935925913734,0.31836373925309913,0.29751983425158957
3.3499999999999726,0.4023710044868987,0.3187556110548831,0.2978517626968792
3.3599999999999723,0.40300516508186346,0.31915030265815714,0.29818658705223056
3.369999999999972,0.40364186791518375,0.3195478444160404,0.29852433854125454
3.379999999999972,0.40428114010860916,0.319948266968171,0.2988650486830615
3.3899999999999717,0.40492300903591205,0.3203516012430904,0.299208749294885
3.3999999999999715,0.40556750232432004,0.32075787846066395,0.2995554724947499
3.4099999999999713,0.40621464785595157,0.3211671301345374,0.29990525070418383
3.419999999999971,0.4068644737692592,0.3215793880746326,0.30025811665097596
3.429999999999971,0.4075170084604779,0.3219946843896843,0.3006141033719859
3.4399999999999706,0.40817228058507915,0.3224130514898145,0.3009732442159983
3.4499999999999704,0.4088303190592331,0.3228345220891496,0.3013355728466287
3.45999999999997,0.4094911530612773,0.3232591292084839,0.3017011232452855
3.46999999999997,0.4101548120331895,0.3236869061779784,0.3020699297141756
3.47999999999997,0.41082132568207497,0.3241178866399159,0.30244202687937616
3.4899999999999696,0.41149072398165487,0.32455210455149325,0.30281744969395286
3.4999999999999694,0.4121630371737659,0.3249895941876656,0.30319623344114055
3.509999999999969,0.41283829576987074,0.3254303901440388,0.3035784137375808
3.519999999999969,0.4135165305525746,0.3258745273398121,0.30396402653662147
3.5299999999999687,0.4141977725771541,0.32632204102077106,0.30435310813167527
3.5399999999999685,0.41488205317309435,0.326772966762335,0.3047456951596452
3.5499999999999683,0.4155694039456397,0.32722734047265795,0.30514182460441247
3.559999999999968,0.41625985677735217,0.32768519839578353,0.30554153380039134
3.569999999999968,0.416953443829687,0.3281465771148606,0.305944860436154
3.5799999999999677,0.41765019754457666,0.3286115135554133,0.3063518425581224
3.5899999999999674,0.4183501506460289,0.3290800449886732,0.30676251857433434
3.5999999999999672,0.41905333614174045,0.329552209034973,0.30717692725828116
3.609999999999967,0.41975978732472363,0.3300280436672001,0.3075951077528193
3.619999999999967,0.42046953777494867,0.33050758721431883,0.30801709957416135
3.6299999999999666,0.4211826213610026,0.33099087836495594,0.3084429426159443
3.6399999999999664,0.42189907224176393,0.33147795617105286,0.3088726771533751
3.649999999999966,0.42261892486809505,0.33196886005158954,0.30930634384746314
3.659999999999966,0.4233422139845521,0.33246362979637634,0.3097439837493324
3.6699999999999657,0.42406897463111537,0.33296230556991835,0.3101856383046191
3.6799999999999655,0.4247992421449361,0.33346492791535504,0.3106313493579598
3.6899999999999653,0.4255330521621081,0.33397153775847344,0.31108115915756474
3.699999999999965,0.4262704406194569,0.33448217641179967,0.31153511035988535
3.709999999999965,0.42701144375635025,0.33499688557876633,0.3119932460343704
3.7199999999999647,0.4277560981165351,0.3355157073579629,0.3124556096683198
3.7299999999999645,0.4285044405499943,0.3360386842474666,0.31292224517183465
3.7399999999999642,0.4292565082148271,0.3365658591492543,0.31339319688286116
3.749999999999964,0.4300123385791589,0.3370972753737032,0.31386850957233925
3.759999999999964,0.4307719694230703,0.33763297664417335,0.31434822844944915
3.7699999999999636,0.4315354388405564,0.33817300710168147,0.3148323991669627
3.7799999999999634,0.43230278524151255,0.33871741130966165,0.3153210678266989
3.789999999999963,0.43307404735374383,0.33926623425881675,0.31581428098508496
3.799999999999963,0.4338492642250067,0.3398195213720627,0.31631208565882674
3.8099999999999627,0.43462847522507764,0.34037731850956554,0.31681452933068754
3.8199999999999625,0.4354117200478482,0.3409396719738718,0.3173216599553777
3.8299999999999623,0.43619903871345356,0.34150662851513724,0.3178335259655582
3.839999999999962,0.4369904715704256,0.3420782353364495,0.3183501762779555
3.849999999999962,0.43778605929788067,0.34265454009925106,0.31887166029959363
3.8599999999999617,0.4385858429077327,0.34323559092885875,0.31939802793414024
3.8699999999999615,0.4393898637469388,0.34382143642008406,0.3199293295883704
3.8799999999999613,0.44019816349977325,0.34441212564295315,0.3204656161787481
3.889999999999961,0.44101078419013434,0.34500770814853154,0.32100693913813083
3.899999999999961,0.4418277681838739,0.34560823397484325,0.3215533504225856
3.9099999999999606,0.44264915819116296,0.34621375365289775,0.32210490251833146
3.9199999999999604,0.4434749972688804,0.3468243182128171,0.3226616484488013
3.92999999999996,0.4443053288230304,0.34743997919006403,0.3232236417818224
3.93999999999996,0.4451401966111884,0.348060788631773,0.3237909366369191
3.9499999999999598,0.4459796447449678,0.348686799103183,0.32436358769273677
3.9599999999999596,0.44682371769251594,0.34931806369416984,0.3249416501945833
3.9699999999999593,0.4476724602810265,0.34995463602588045,0.32552517996209396
3.979999999999959,0.4485259176992765,0.3505965702574635,0.32611423339701023
3.989999999999959,0.4493841355001802,0.35124392109290103,0.32670886749108125
3.9999999999999587,0.4502471596033578,0.35189674378793273,0.3273091398340765
4.009999999999959,0.45111503629771815,0.3525550941570769,0.32791510862191664
4.019999999999959,0.45198781224405077,0.3532190285807409,0.32852683266491345
4.0299999999999585,0.4528655344776255,0.35388860401242234,0.3291443713961215
4.039999999999958,0.4537482504107935,0.35456387798599726,0.3297677848797982
4.049999999999958,0.4546360078355887,0.35524490862308744,0.3303971338199621
4.059999999999958,0.45552885492632245,0.35593175464051163,0.3310324795690589
4.069999999999958,0.4564268402421662,0.35662447535780717,0.3316738841367174
4.079999999999957,0.45733001272972107,0.35732313070482336,0.3323214101985989
4.089999999999957,0.4582384217255622,0.358027781229381,0.33297512110533567
4.099999999999957,0.4591521169587563,0.358738488104988,0.33363508089154587
4.109999999999957,0.46007114855334275,0.35945531313860857,0.334301354284925
4.119999999999957,0.4609955670307733,0.360178318778482,0.33497400671540917
4.129999999999956,0.461925423312297,0.36090756812197067,0.33565310432438905
4.139999999999956,0.46286076872129084,0.3616431249234481,0.33633871397398735
4.149999999999956,0.46380165498551573,0.3623850536022031,0.33703090325637497
4.159999999999956,0.4647481342392962,0.3631334192503532,0.33772974050311744
4.1699999999999555,0.46570025902561013,0.36388828764076514,0.3384352947945539
4.179999999999955,0.4666580822980736,0.3646497252349594,0.33914763596918085
4.189999999999955,0.4676216574228178,0.3654177991909983,0.33986683463304346
4.199999999999955,0.4685910381802335,0.3661925773713338,0.3405929621691089
4.209999999999955,0.4695662787665776,0.3669741283506109,0.34132609074661924
4.2199999999999545,0.47054743379542385,0.3677625214234066,0.3420662933304023
4.229999999999954,0.4715345582989392,0.36855782661188724,0.34281364369012424
4.239999999999954,0.47252770772897873,0.36936011467337443,0.3435682164094733
4.249999999999954,0.47352693795796813,0.37016945710779386,0.3443300868952503
4.259999999999954,0.4745323052795687,0.3709859261649953,0.34509933138635196
4.269999999999953,0.4755438664090918,0.37180959485191584,0.3458760269626218
4.279999999999953,0.47656167848365605,0.372640536939573,0.34666025155355223
4.289999999999953,0.47758579906205306,0.3734788269698604,0.34745208394681226
4.299999999999953,0.4786162861243074,0.3743245402621229,0.3482516037965768
4.3099999999999525,0.4796531980709041,0.3751777529194891,0.34905889163163534
4.319999999999952,0.4806965937216571,0.3760385418349311,0.3498740288632496
4.329999999999952,0.48174653231419307,0.37690698469702405,0.3506970977927318
4.339999999999952,0.48280307350202517,0.37778315999538054,0.35152818161871935
4.349999999999952,0.4838662773521838,0.3786671470257222,0.35236736444410677
4.3599999999999515,0.4849362043423812,0.3795590258945657,0.35321473128261177
4.369999999999951,0.4860129153576687,0.3804588775234777,0.3540703680649299
4.379999999999951,0.4870964716865648,0.38136678365287535,0.354934361644453
4.389999999999951,0.4881869350166088,0.38228282684532416,0.355806799802503
4.399999999999951,0.48928436742931725,0.3832070904883068,0.3566877712530542
4.40999999999995,0.49038883139449585,0.3841396587964107,0.3575773656468894
4.41999999999995,0.49150038976387467,0.3850806168129022,0.358475673575159
4.42999999999995,0.49261910576402623,0.3860300504106348,0.35938278657228695
4.43999999999995,0.493745042988525,0.3869880462922577,0.36029879711819085
4.4499999999999496,0.49487826538930946,0.3879546919896649,0.3612237986397538
4.459999999999949,0.4960188372671964,0.38893007586264466,0.36215788551150674
4.469999999999949,0.49716682326151557,0.3899142870966766,0.3631011530554668
4.479999999999949,0.49832228833880554,0.3909074156998235,0.364053697540078
4.489999999999949,0.49948529778052986,0.3919095524986623,0.36501561617819533
4.4999999999999485,0.5006559171697706,0.39292078913320333,0.36598700712406146
4.509999999999948,0.5018342123768404,0.3939412180507355,0.3669679694692093
4.519999999999948,0.5030202495437691,0.3949709324985413,0.3679586032372344
4.529999999999948,0.504214095067611,0.3960100265154173,0.3689590093773688
4.539999999999948,0.5054158155825219,0.39705859492194173,0.36996928975679666
4.549999999999947,0.5066254779405539,0.3981167333094248,0.3709895471516425
4.559999999999947,0.5078431491911085,0.39918453802747167,0.3720198852365625
4.569999999999947,0.5090688965590016,0.40026210617009694,0.3730604085728708
4.579999999999947,0.5103027874210767,0.4013495355603171,0.3741112225951272
4.589999999999947,0.511544889281317,0.402446924733156,0.37517243359611574
4.599999999999946,0.5127952697443968,0.4035543729169889,0.37624414871013695
4.609999999999946,0.514053996487617,0.4046719800131544,0.37732647589453877
4.619999999999946,0.5153211372311662,0.4057998465737608,0.37841952390940947
4.629999999999946,0.5165967597066541,0.4069380737776138,0.37952340229535375
4.6399999999999455,0.517880931623859,0.4080867634041922,0.3806382213492755
4.649999999999945,0.5191737206356306,0.4092460178055897,0.3817640920980795
4.659999999999945,0.5204751943009008,0.4104159398763582,0.38290112627022255
4.669999999999945,0.5217854200457381,0.41159663302116717,0.3840494362650244
4.679999999999945,0.5231044651223963,0.41278820112020725,0.38520913511966004
4.689999999999944,0.524432396566308,0.41399074849226236,0.3863803364737509
4.699999999999944,0.5257692811509665,0.4152043798553763,0.3875631545314787
4.709999999999944,0.5271151853406478,0.4164292002850318,0.38875770402112775
4.719999999999944,0.5284701752409297,0.4176653151697834,0.38996410015199684
4.729999999999944,0.5298343165469517,0.4189128301642511,0.3911824585685759
4.739999999999943,0.5312076744893891,0.42017185113942235,0.3924128953019307
4.749999999999943,0.5325903137780823,0.4214424841301808,0.3936555267182054
4.759999999999943,0.5339822985433021,0.4227248352800004,0.39491046946417496
4.769999999999943,0.5353836922746008,0.4240190107827344,0.3961778404097678
4.7799999999999425,0.5367945577572307,0.42532511682144203,0.3974577565874948
4.789999999999942,0.5382149570061003,0.4266432595041925,0.39875033512871555
4.799999999999942,0.5396449511972422,0.4279735447967849,0.40005569319667056
4.809999999999942,0.5410846005967814,0.4293160784523383,0.40137394791622755
4.819999999999942,0.5425339644873881,0.43067096593769955,0.40270521630027745
4.8299999999999415,0.5439931010922113,0.43203831235662926,0.40404961517273374
4.839999999999941,0.5454620674962849,0.43341822236972083,0.40540726108807984
4.849999999999941,0.5469409195654251,0.4348108001110274,0.40677827024742796
4.859999999999941,0.5484297118626144,0.4362161491013631,0.40816275841105026
4.869999999999941,0.5499284975619025,0.4376343721582597,0.40956084080734895
4.87999999999994,0.5514373283598457,0.43906557130256624,0.4109726320382463
4.88999999999994,0.5529562543845169,0.4405098476616797,0.4123982459809704
4.89999999999994,0.5544853241021271,0.4419673013694128,0.41383779568623424
4.90999999999994,0.5560245842213128,0.44343803146250316,0.41529139327280074
4.9199999999999395,0.5575740795951396,0.44492213577378004,0.4167591498184402
4.929999999999939,0.5591338531208965,0.4464197108220237,0.41824117524730553
4.939999999999939,0.5607039456377506,0.4479308516985373,0.41973757821373403
4.949999999999939,0.5622843958223538,0.44945565195049264,0.4212484659825273
4.959999999999939,0.563875240082491,0.45099420346109054,0.42277394430574045
4.9699999999999385,0.5654765124488825,0.452546596326617,0.4243141172960506
4.979999999999938,0.5670882444652482,0.45411291873045423,0.42586908729675577
4.989999999999938,0.5687104650767678,0.45569325681415257,0.4274389547484987
4.999999999999938,0.5703432005170713,0.45728769454565366,0.4290238180527992
5.009999999999938,0.571986474193902,0.458896313584773,0.43062377343249075
5.019999999999937,0.5736403065736231,0.4605191931460806,0.43223891478919496
5.029999999999937,0.5753047150647228,0.4621564098592977,0.4338693335579414
5.039999999999937,0.5769797139005105,0.46380803762737743,0.43551511855909414
5.049999999999937,0.5786653140211879,0.4654741474824135,0.43717635584771986
5.0599999999999365,0.5803615229555004,0.46715480743956916,0.43885312856058634
5.069999999999936,0.5820683447021814,0.4688500823491992,0.4405455167609537
5.079999999999936,0.5837857796114121,0.4705600337473792,0.442253597281371
5.089999999999936,0.5855138242665302,0.4722847197050434,0.4439774435646716
5.099999999999936,0.5872524713662277,0.4740241946759673,0.44571712550340215
5.1099999999999355,0.589001709607496,0.47577850934382837,0.4474727092779115
5.119999999999935,0.5907615235695801,0.47754771046860145,0.4492442571933568
5.129999999999935,0.5925318935992002,0.479331840732544,0.4510318275158799
5.139999999999935,0.5943127956973357,0.48113093858605543,0.45283547430823534
5.149999999999935,0.5961042014078444,0.4829450380936903,0.45465524726515183
5.159999999999934,0.597906077708213,0.48477416878062585,0.4564911915487291
5.169999999999934,0.5997183869027392,0.4866183554798845,0.45834334762417084
5.179999999999934,0.6015410865184392,0.4884776181806379,0.46021175109618756
5.189999999999934,0.603374129204001,0.49035197187790486,0.46209643254638083
5.199999999999934,0.6052174626320785,0.4922414264239856,0.4639974173719624
5.209999999999933,0.607071029405244,0.4941459863819598,0.46591472562613867
5.219999999999933,0.6089347669659166,0.49606565088160637,0.46784837186052874
5.229999999999933,0.6108086075105715,0.4980004134780859,0.46979836496996447
5.239999999999933,0.6126924779085419,0.4999502620137366,0.4717647080400353
5.2499999999999325,0.6145862996257241,0.5019151784833454,0.4737473981977508
5.259999999999932,0.6164899886534898,0.5038951389032456,0.47574642646568455
5.269999999999932,0.6184034554431006,0.5058901131846014,0.4777617776199766
5.279999999999932,0.6203266048459237,0.5079000650112281,0.47979343005255415
5.289999999999932,0.6222593360597225,0.5099249517223052,0.4818413556379509
5.299999999999931,0.6242015425813077,0.5119647242003218,0.48390551960507533
5.309999999999931,0.6261531121658079,0.5140193267646098,0.48598588041431023
5.319999999999931,0.6281139267928085,0.5160886970707788,0.4880823896402713
5.329999999999931,0.6300838626396017,0.5181727660163958,0.4901949918605944
5.339999999999931,0.6320627900617714,0.5202714576532146,0.49232362455107537
5.34999999999993,0.634050573581317,0.5223846891062601,0.4944682179874959
5.35999999999993,0.6360470718825014,0.5245123705000565,0.49662869515444524
5.36999999999993,0.6380521378156139,0.5266544048922815,0.49880497166144844
5.37999999999993,0.6400656184087665,0.528810688215087,0.5009969556666671
5.3899999999999295,0.6420873548878886,0.5309811092243507,0.5032045478084662
5.399999999999929,0.6441171827050056,0.5331655494570701,0.5054276411450862
5.409999999999929,0.6461549315748893,0.5353638831970937,0.5076661211026448
5.419999999999929,0.6482004255201554,0.5375759774493908,0.5099198654316995
5.429999999999929,0.6502534829248263,0.5398016919229973,0.5121887441725401
5.4399999999999284,0.6523139165963916,0.542040879022799,0.5144726196294008
5.449999999999928,0.6543815338363316,0.544293383850239,0.5167713463537158
5.459999999999928,0.6564561365190875,0.5465590442130606,0.5190847711365538
5.469999999999928,0.6585375211793922,0.5488376906441325,0.5214127330103175
5.479999999999928,0.6606254791078869,0.5511291464294041,0.5237550632597834
5.489999999999927,0.6627197964548953,0.5534332276449987,0.5261115854425246
5.499999999999927,0.6648202543422214,0.5557497432034331,0.5284821154187359
5.509999999999927,0.6669266289827928,0.5580784949089177,0.5308664613904489
5.519999999999927,0.6690386918079642,0.5604192775216772,0.5332644239501054
5.5299999999999265,0.6711562096022597,0.5627718788312037,0.5356757961384396
5.539999999999926,0.6732789446453121,0.5651360797383128,0.538100363511563
5.549999999999926,0.6754066548607354,0.5675116543458718,0.5405379042171559
5.559999999999926,0.6775390939716477,0.5698983700580365,0.5429881890796336
5.569999999999926,0.6796760116625319,0.572295987687796,0.545450981694112
5.5799999999999255,0.681817153747118,0.5747042615726344,0.5479260385290136
5.589999999999925,0.6839622623419365,0.5771229396980576,0.5504131090370878
5.599999999999925,0.6861110760451895,0.5795517638287551,0.5529119357746465
5.609999999999925,0.6882633301205603,0.5819904696471111,0.5554222545287488
5.619999999999925,0.6904187566855828,0.5844387868987903,0.5579437944520921
5.629999999999924,0.6925770849041681,0.586896439545094,0.5604762782053254
5.639999999999924,0.6947380411828769,0.5893631459217711,0.5630194221064946
5.649999999999924,0.6969013493705412,0.5918386189039605,0.5655729362873153
5.659999999999924,0.6990667309607969,0.5943225660769292,0.5681365248559623
5.6699999999999235,0.701233905297112,0.5968146899122532,0.5707098860660385
5.679999999999923,0.7034025897798879,0.5993146879491023,0.5732927124914058
5.689999999999923,0.7055725000752072,0.6018222529802615,0.5758846912065251
5.699999999999923,0.707743350324802,0.6043370732425343,0.5784855039719673
5.709999999999923,0.7099148533568305,0.6068588326111668,0.5810948274247508
5.7199999999999225,0.7120867208970482,0.6093872107979333,0.5837123332731546
5.729999999999922,0.714258663779956,0.6119218835525178,0.5863376884956583
5.739999999999922,0.7164303921595521,0.614462522866846,0.5889705555436695
5.749999999999922,0.7186016157192764,0.6170087971820117,0.5916105925476955
5.759999999999922,0.7207720438807892,0.619560371597452,0.5942574535266177
5.769999999999921,0.7229413860112199,0.6221169080820461,0.5969107885997527
5.779999999999921,0.7251093516285351,0.624678065686796,0.5995702442013612
5.789999999999921,0.7272756506046983,0.6272435007587862,0.6022354632973081
5.799999999999921,0.7294399933663068,0.6298128671561047,0.6049060856035542
5.809999999999921,0.7316020910924078,0.6323858164634436,0.6075817478062026
5.81999999999992,0.7337616559092118,0.6349619982080879,0.6102620837828068
5.82999999999992,0.7359184010814501,0.6375410600760307,0.6129467248246758
5.83999999999992,0.7380720412001215,0.6401226481279556,0.6156352998599142
5.84999999999992,0.7402222923664203,0.642706407014852,0.6183274356769599
5.8599999999999195,0.7423688723716299,0.645291980193027,0.6210227571483763
5.869999999999919,0.7445115008728032,0.6478790101383115,0.6237208874546886
5.879999999999919,0.7466498995640677,0.6504671385592566,0.6264214483080538
5.889999999999919,0.7487837923433962,0.6530560066091319,0.6291240601755657
5.899999999999919,0.7509129054747342,0.6556452550965594,0.6318283425020156
5.909999999999918,0.7530369677453623,0.6582345246946245,0.63453391393194
5.919999999999918,0.7551557106183939,0.6608234561483077,0.6372403925307862
5.929999999999918,0.7572688683803567,0.6634116904801172,0.6399473960050572
5.939999999999918,0.7593761782837795,0.6659988691937846,0.6426545419212859
5.949999999999918,0.7614773806847357,0.6685846344759123,0.6453614479237064
5.959999999999917,0.7635722191753403,0.6711686293954778,0.6480677319505123
5.969999999999917,0.7656604407111541,0.6737504981010843,0.6507730124485669
5.979999999999917,0.767741795733514,0.6763298860158797,0.6534769085864711
5.989999999999917,0.7698160382867832,0.6789064400300543,0.656179040465872
5.9999999999999165,0.7718829261305495,0.6814798086908453,0.6588790293309194
6.009999999999916,0.7739422208467921,0.6840496423899727,0.6615764977757678
6.019999999999916,0.7759936879420634,0.6866155935484448,0.66427106995004
6.029999999999916,0.7780370969447153,0.6891773167986518,0.6669623717621359
6.039999999999916,0.7800722214972409,0.691734469163709,0.669650031080326
6.0499999999999154,0.7820988394437702,0.694286710233964,0.6723336779315126
6.059999999999915,0.7841167329127874,0.6968337023406176,0.6750129446975751
6.069999999999915,0.7861256883951405,0.6993751107263898,0.6776874663092021
6.079999999999915,0.7881254968174047,0.7019106037131845,0.6803568804371294
6.089999999999915,0.7901159536106719,0.7044398528666551,0.683020827680651
6.099999999999914,0.792096858774833,0.7069625331576392,0.6856789517533407
6.109999999999914,0.7940680169384465,0.7094783231203745,0.6883308996658565
6.119999999999914,0.7960292374142302,0.7119869050074193,0.6909763219057166
6.129999999999914,0.7979803342502897,0.7144879649412182,0.6936148726139504
6.1399999999999135,0.7999211262771249,0.7169811930622255,0.6962462097585007
6.149999999999913,0.8018514371504993,0.7194662836734973,0.6988699953042468
6.159999999999913,0.8037710953902456,0.7219429353816885,0.7014858953795493
6.169999999999913,0.8056799344150603,0.7244108512343375,0.7040935804391568
6.179999999999913,0.8075777925733748,0.7268697388533802,0.7066927254233815
6.1899999999999125,0.8094645131703473,0.7293193105647704,0.7092830099133762
6.199999999999912,0.8113399444910495,0.731759283524124,0.7118641182823926
6.209999999999912,0.8132039398199107,0.7341893798382989,0.7144357398428959
6.219999999999912,0.8150563574564611,0.7366093266827817,0.7169975689893617
6.229999999999912,0.8168970607274548,0.7390188564148145,0.7195493053366543
6.239999999999911,0.818725917995405,0.7414177066821332,0.7220906538538153
6.249999999999911,0.8205428026635954,0.7438056205272335,0.7246213249931431
6.259999999999911,0.8223475931776179,0.7461823464870523,0.7271410348144108
6.269999999999911,0.8241401730234841,0.7485476386879735,0.7296495051040958
6.2799999999999105,0.8259204307223642,0.7509012569360618,0.7321464634894861
6.28999999999991,0.8276882598219893,0.7532429668024163,0.7346316435475231
6.29999999999991,0.8294435588847874,0.7555725397035746,0.7371047849082714
6.30999999999991,0.8311862314727737,0.7578897529768618,0.7395656333528838
6.31999999999991,0.8329161861292624,0.760194389950609,0.7420139409059456
6.3299999999999095,0.8346333363574443,0.7624862400091718,0.7444494659221036
6.339999999999909,0.8363376005958683,0.7647650986526652,0.7468719731668644
6.349999999999909,0.8380289021908898,0.7670307675513555,0.7492812338914718
6.359999999999909,0.8397071693661312,0.7692830545946617,0.7516770259017944
6.369999999999909,0.8413723351890064,0.7715217739347036,0.7540591336211278
6.379999999999908,0.8430243375343659,0.7737467460243659,0.7564273481468659
6.389999999999908,0.8446631190453129,0.7759577976498396,0.7587814673009713
6.399999999999908,0.8462886270912564,0.7781547619576195,0.7611212956742103
6.409999999999908,0.8479008137232544,0.7803374784759514,0.7634466446641255
6.419999999999908,0.8494996356267231,0.782505793130716,0.7657573325067142
6.429999999999907,0.8510850540715541,0.7846595582557583,0.7680531843018092
6.439999999999907,0.8526570348597383,0.7867986325976806,0.7703340320321661
6.449999999999907,0.8542155482705379,0.7889228813151284,0.7725997145762762
6.459999999999907,0.8557605690033029,0.7910321759725989,0.7748500777149228
6.4699999999999065,0.8572920761179972,0.7931263945288225,0.7770849741315289
6.479999999999906,0.8588100529735186,0.795205421319784,0.7793042634063503
6.489999999999906,0.8603144871638884,0.797269147036431,0.7815078120045666
6.499999999999906,0.861805370452403,0.7993174686971675,0.7836954932583585
6.509999999999906,0.8632826987038339,0.8013502896152093,0.7858671873430532
6.519999999999905,0.8647464718147615,0.8033675193609048,0.7880227812474405
6.529999999999905,0.8661966936421341,0.8053690737191088,0.7901621687383525
6.539999999999905,0.8676333719301583,0.8073548746417586,0.7922852503196587
6.549999999999905,0.8690565182355992,0.8093248501957391,0.7943919331857741
6.559999999999905,0.8704661478516036,0.8112789345061913,0.7964821311698382
6.569999999999904,0.8718622797301407,0.8132170676954006,0.7985557646867156
6.579999999999904,0.8732449364031527,0.815139195817393,0.8006127606709532
6.589999999999904,0.8746141439025372,0.817045270788421,0.8026530525098919
6.599999999999904,0.8759699316790461,0.8189352503134739,0.804676579972081
6.6099999999999035,0.8773123325202057,0.8208090978089787,0.8066832891311719
6.619999999999903,0.8786413824673825,0.8226667823218805,0.808673132285505
6.629999999999903,0.8799571207320692,0.8245082784452487,0.8106460678735434
6.639999999999903,0.8812595896115187,0.8263335662306013,0.8126020603853719
6.649999999999903,0.8825488344038153,0.8281426310971248,0.8145410802704522
6.659999999999902,0.883824903322498,0.8299354637379746,0.8164631038418436
6.669999999999902,0.8850878474108212,0.831712060023826,0.8183681131770771
6.679999999999902,0.8863377204557741,0.8334724209038868,0.820256096015915
6.689999999999902,0.8875745789019479,0.8352165523045362,0.8221270456551832
6.699999999999902,0.8887984817653398,0.8369444650257827,0.8239809608408933
6.709999999999901,0.8900094905472106,0.8386561746357404,0.8258178456578729
6.719999999999901,0.8912076691480726,0.8403517013632863,0.8276377094170897
6.729999999999901,0.8923930837819135,0.8420310699891078,0.8294405665409064
6.739999999999901,0.8935658028907284,0.8436943097353045,0.8312264364464484
6.7499999999999005,0.8947258970594705,0.8453414541537414,0.8329953434273091
6.7599999999999,0.8958734389314815,0.8469725410133158,0.8347473165337743
6.7699999999999,0.8970085031245032,0.8485876121863261,0.8364823894517817
6.7799999999999,0.898131166147331,0.8501867135341059,0.8382006003807996
6.7899999999999,0.8992415063172002,0.8517698947921011,0.8399019919108263
6.7999999999998995,0.9003396036779721,0.8533372094545448,0.841586610898688
6.809999999999899,0.9014255399191787,0.8548887146588895,0.8432545083438171
6.819999999999899,0.9024993982960179,0.856424471070173,0.8449057392637118
6.829999999999899,0.9035612635503272,0.8579445427654302,0.846540362569206
6.839999999999899,0.904611221832621,0.8594489971183304,0.8481584409397578
6.849999999999898,0.9056493606252433,0.8609379046841716,0.8497600406989037
6.859999999999898,0.9066757686666769,0.8624113390853543,0.8513452316900236
6.869999999999898,0.9076905358770627,0.8638693768974726,0.8529140871525751
6.879999999999898,0.9086937532849809,0.8653120975361576,0.8544666835989517
6.8899999999998975,0.9096855129555286,0.8667395831447675,0.8560031006920772
6.899999999999897,0.910665907919731,0.8681519184830558,0.857523421123887
6.909999999999897,0.9116350321053297,0.8695491908169168,0.8590277304948136
6.919999999999897,0.9125929802689638,0.8709314898093048,0.86051611719439
6.929999999999897,0.913539847929794,0.872298907412435,0.8619886722830952
6.9399999999998965,0.9144757313045735,0.8736515377613369,0.8634454893755277
6.949999999999896,0.9154007272441964,0.8749894770688552,0.8648866645250198
6.959999999999896,0.916314933171748,0.8763128235221772,0.8663122961097846
6.969999999999896,0.9172184470220588,0.8776216771809446,0.867722484720666
6.979999999999896,0.9181113671827935,0.8789161398770391,0.8691173330506006
6.989999999999895,0.9189937924370588,0.880196315116067,0.870496945785819
6.999999999999895,0.9198658219075698,0.8814623079806436,0.871861429498912
7.009999999999895,0.9207275550023459,0.8827142250354821,0.8732108925437663
7.019999999999895,0.9215790913619685,0.8839521742343615,0.8745454449524597
7.0299999999998946,0.9224205308083768,0.8851762648290079,0.8758651983341657
7.039999999999894,0.9232519732952111,0.8863866072799135,0.8771702657760891
7.049999999999894,0.9240735188596995,0.8875833131691339,0.8784607617464925
7.059999999999894,0.9248852675760715,0.8887664951150829,0.8797368019998357
7.069999999999894,0.9256873195104987,0.8899362666893579,0.8809985034840727
7.0799999999998935,0.9264797746775469,0.8910927423355932,0.8822459842501047
7.089999999999893,0.9272627329981342,0.8922360372903765,0.883479363363437
7.099999999999893,0.9280362942589658,0.8933662675062208,0.8846987608180346
7.109999999999893,0.9288005580734457,0.8944835495766033,0.8859042974523925
7.119999999999893,0.9295556238440408,0.8955880006630816,0.8870960948678419
7.129999999999892,0.9303015907260808,0.8966797384244716,0.8882742753490692
7.139999999999892,0.9310385575929614,0.897758880948087,0.8894389617868683
7.149999999999892,0.9317666230027604,0.8988255466830455,0.8905902776031167
7.159999999999892,0.9324858851662107,0.8998798543756145,0.8917283466779655
7.169999999999892,0.9331964419160285,0.9009219230065938,0.8928532932792352
7.179999999999891,0.9338983906775619,0.9019518717307129,0.8939652419940005
7.189999999999891,0.9345918284407473,0.9029698198180368,0.8950643176623592
7.199999999999891,0.9352768517333304,0.9039758865973425,0.8961506453133455
7.209999999999891,0.9359535565953486,0.9049701914014665,0.897224350102996
7.2199999999998905,0.9366220385548262,0.9059528535145788,0.8982855572545169
7.22999999999989,0.9372823926046747,0.906923992121379,0.899334392000555
7.23999999999989,0.9379347131807533,0.9078837262581574,0.9003709795275083
7.24999999999989,0.9385790941410773,0.9088321747657333,0.9013954449218973
7.25999999999989,0.9392156287461368,0.9097694562441986,0.902407913118714
7.269999999999889,0.9398444096403047,0.9106956890094722,0.903408508851764
7.279999999999889,0.9404655288343035,0.9116109910516116,0.9043973566059387
7.289999999999889,0.9410790776886939,0.9125154799948478,0.9053745805713863
7.299999999999889,0.9416851468983772,0.9134092730593286,0.9063403045995665
7.309999999999889,0.9422838264780632,0.9142924870245187,0.9072946521611326
7.319999999999888,0.9428752057486882,0.9151652381942202,0.9082377463056033
7.329999999999888,0.9434593733247475,0.9160276423632,0.9091697096228131
7.339999999999888,0.9440364171025266,0.9168798147853585,0.9100906642060664
7.349999999999888,0.9446064242491861,0.9177218701434271,0.9110007316169875
7.3599999999998875,0.9451694811926894,0.918553922520147,0.9119000328520113
7.369999999999887,0.9457256736125379,0.9193760853708899,0.9127886883104779
7.379999999999887,0.9462750864312908,0.9201884714976982,0.9136668177643001
7.389999999999887,0.9468178038068362,0.9209911930246885,0.9145345403291515
7.399999999999887,0.9473539091253997,0.9217843613747965,0.9153919744371457
7.4099999999998865,0.947883484995257,0.9225680872478266,0.9162392378109689
7.419999999999886,0.9484066132411245,0.9233424805997569,0.917076447439415
7.429999999999886,0.9489233748992069,0.9241076506232732,0.9179037195542896
7.439999999999886,0.9494338502128776,0.924863705729502,0.9187211696086581
7.449999999999886,0.9499381186289633,0.9256107535308877,0.9195289122563688
7.459999999999885,0.9504362587946206,0.926348900825203,0.9203270613328486
7.469999999999885,0.9509283485547673,0.9270782535806354,0.9211157298371025
7.479999999999885,0.9514144649500572,0.9277989169219313,0.9218950299148998
7.489999999999885,0.9518946842153719,0.9285109951175515,0.9226650728430964
7.4999999999998845,0.9523690817788072,0.9292145915678186,0.9234259690150715
7.509999999999884,0.9528377322611371,0.929909808794004,0.9241778279272207
7.519999999999884,0.953300709475738,0.9305967484283503,0.9249207581665033
7.529999999999884,0.9537580864289342,0.9312755112049607,0.9256548673989673
7.539999999999884,0.9542099353207807,0.9319461969515589,0.9263802623592534
7.5499999999998835,0.9546563275462191,0.932608904582064,0.9270970488410252
7.559999999999883,0.9550973336966398,0.9332637320899674,0.9278053316882993
7.569999999999883,0.9555330235617809,0.9339107765424677,0.9285052147876394
7.579999999999883,0.9559634661319864,0.934550134075346,0.929196801061186
7.589999999999883,0.9563887296007904,0.9351818998885477,0.929880192460487
7.599999999999882,0.9568088813678057,0.9358061682424451,0.9305554899611048
7.609999999999882,0.9572239880419143,0.9364230324547479,0.9312227935579563
7.619999999999882,0.9576341154447384,0.9370325848980532,0.9318822022613817
7.629999999999882,0.9580393286143701,0.9376349169979799,0.9325338140938823
7.6399999999998816,0.9584396918093606,0.9382301192318927,0.9331777260875257
7.649999999999881,0.9588352685129428,0.938818281128173,0.9338140342819806
7.659999999999881,0.9592261214374735,0.9393994912660147,0.9344428337231501
7.669999999999881,0.9596123125290985,0.9399738372757342,0.9350642184623932
7.679999999999881,0.9599939029725973,0.9405414058395436,0.9356782815562802
7.6899999999998805,0.960370953196437,0.9411022826928171,0.9362851150669121
7.69999999999988,0.9607435228779806,0.9416565526257585,0.9368848100627031
7.70999999999988,0.9611116709488682,0.9422042994855198,0.9374774566196826
7.71999999999988,0.9614754556005503,0.9427456061786944,0.9380631438232303
7.72999999999988,0.9618349342899609,0.9432805546742087,0.9386419597702705
7.739999999999879,0.9621901637453248,0.943809226006564,0.9392139915718738
7.749999999999879,0.9625411999720844,0.9443317002794221,0.9397793253562565
7.759999999999879,0.9628880982589407,0.9448480566695161,0.94033804627216
7.769999999999879,0.963230913184,0.9453583734308737,0.9408902384925921
7.779999999999879,0.9635696986210126,0.9458627278993261,0.9414359852189045
7.789999999999878,0.9639045077457029,0.9463611964972952,0.9419753686851933
7.799999999999878,0.964235393042171,0.9468538547388379,0.9425084701630047
7.809999999999878,0.9645624063093772,0.9473407772349414,0.9430353699663324
7.819999999999878,0.9648855986676772,0.9478220376990434,0.9435561474568849
7.8299999999998775,0.9652050205654306,0.9482977089527744,0.9440708810496103
7.839999999999877,0.965520721785644,0.9487678629318979,0.9445796482184612
7.849999999999877,0.9658327514526688,0.9492325706924489,0.945082525502394
7.859999999999877,0.9661411580389292,0.9496919024170389,0.9455795885115664
7.869999999999877,0.9664459893716956,0.9501459274213433,0.9460709119337551
7.879999999999876,0.9667472926398682,0.9505947141607324,0.9465565695409484
7.889999999999876,0.9670451144007919,0.9510383302370454,0.9470366341961088
7.899999999999876,0.9673395005870873,0.951476842405504,0.9475111778601082
7.909999999999876,0.9676304965134845,0.9519103165817462,0.9479802715988116
7.919999999999876,0.9679181468836788,0.9523388178489738,0.9484439855902975
7.929999999999875,0.9682024957971731,0.9527624104651994,0.9489023891322059
7.939999999999875,0.9684835867561251,0.9531811578705917,0.9493555506492082
7.949999999999875,0.9687614626721924,0.9535951226949089,0.949803537700588
7.959999999999875,0.9690361658733627,0.9540043667650054,0.9502464169879161
7.9699999999998745,0.9693077381107704,0.9544089511124099,0.9506842543628197
7.979999999999874,0.9695762205654983,0.9548089359809596,0.951117114834825
7.989999999999874,0.9698416538553657,0.9552043808345049,0.9515450625792897
7.999999999999874,0.970104078041677,0.9555953443646372,0.9519681609453773
8.009999999999874,0.9703635326359654,0.9559818844984822,0.9523864724641113
8.019999999999873,0.9706200566066892,0.9563640584065104,0.9528000588564657
8.029999999999873,0.9708736883859117,0.9567419225103828,0.9532089810415006
8.039999999999873,0.9711244658759381,0.957115532490819,0.9536132991445392
8.049999999999873,0.9713724264559194,0.9574849432954777,0.9540130725053674
8.059999999999873,0.9716176069884211,0.957850209146853,0.954408359686461
8.069999999999872,0.9718600438259491,0.9582113835501792,0.9547992184812368
8.079999999999872,0.9720997728174352,0.9585685193013284,0.9551857059223017
8.089999999999872,0.972336829314675,0.958921668494711,0.9555678782897201
8.099999999999872,0.9725712481787288,0.9592708825311717,0.9559457911192824
8.109999999999872,0.9728030637862677,0.9596162121258672,0.9563194992107671
8.119999999999871,0.9730323100358775,0.9599577073161301,0.9566890566361932
8.129999999999871,0.9732590203543069,0.9602954174693167,0.9570545167480692
8.139999999999871,0.973483227702674,0.9606293912906305,0.9574159321876197
8.14999999999987,0.9737049645826081,0.960959676830914,0.9577733548929903
8.15999999999987,0.9739242630423537,0.961286321494422,0.958126836107439
8.16999999999987,0.9741411546828103,0.9616093720465528,0.9584764263874884
8.17999999999987,0.9743556706635197,0.9619288746215477,0.9588221756110548
8.18999999999987,0.9745678417085977,0.9622448747301536,0.9591641329855426
8.19999999999987,0.9747776981126165,0.962557417267244,0.9595023470559008
8.20999999999987,0.9749852697464148,0.9628665465193943,0.959836865712639
8.21999999999987,0.975190586062871,0.9631723061724236,0.9601677361998117
8.229999999999869,0.9753936761025994,0.9634747393188678,0.960495005122935
8.239999999999869,0.9755945684996007,0.963773888465429,0.960818718456886
8.249999999999869,0.9757932914868477,0.9640697955403528,0.961138921553729
8.259999999999868,0.9759898729018157,0.9643625019007687,0.9614556591505069
8.269999999999868,0.9761843401919487,0.9646520483399627,0.9617689753769663
8.279999999999868,0.9763767204200734,0.9649384750946076,0.9620789137632412
8.289999999999868,0.9765670402697456,0.9652218218519225,0.9623855172474667
8.299999999999867,0.9767553260505432,0.9655021277567877,0.9626888281833488
8.309999999999867,0.9769416037032931,0.9657794314187879,0.9629888883476616
8.319999999999867,0.9771258988052477,0.966053770919207,0.9632857389476968
8.329999999999867,0.9773082365751892,0.9663251838179469,0.9635794206286363
8.339999999999867,0.9774886418784833,0.9665937071603972,0.9638699734808756
8.349999999999866,0.977667139232069,0.9668593774842331,0.9641574370472741
8.359999999999866,0.9778437528093932,0.9671222308261553,0.9644418503303459
8.369999999999866,0.9780185064452784,0.9673823027285618,0.9647232517993827
8.379999999999866,0.9781914236407383,0.9676396282461553,0.9650016793975096
8.389999999999866,0.9783625275677252,0.9678942419524771,0.965277170548665
8.399999999999865,0.9785318410738324,0.9681461779463958,0.9655497621645366
8.409999999999865,0.9786993866869234,0.9683954698585076,0.9658194906514037
8.419999999999865,0.9788651866197127,0.9686421508574792,0.9660863919169207
8.429999999999865,0.9790292627742809,0.9688862536563206,0.9663505013768305
8.439999999999864,0.9791916367465412,0.9691278105185991,0.9666118539616135
8.449999999999864,0.9793523298306376,0.969366853264572,0.9668704841230555
8.459999999999864,0.9795113630232942,0.9696034132772624,0.9671264258407544
8.469999999999864,0.9796687570281073,0.9698375215084637,0.9673797126285527
8.479999999999864,0.9798245322597732,0.9700692084846726,0.9676303775408974
8.489999999999863,0.9799787088482681,0.9702985043129608,0.967878453179134
8.499999999999863,0.9801313066429769,0.9705254386867801,0.9681239716977309
8.509999999999863,0.9802823452167493,0.9707500408916898,0.968366964810425
8.519999999999863,0.9804318438699167,0.9709723398110235,0.9686074637963002
8.529999999999863,0.9805798216342524,0.9711923639314926,0.9688454995058026
8.539999999999862,0.9807262972768734,0.9714101413487138,0.969081102366674
8.549999999999862,0.9808712893040937,0.9716256997726789,0.9693143023898252
8.559999999999862,0.981014815965219,0.9718390665331469,0.9695451291751289
8.569999999999862,0.9811568952562958,0.9720502685849819,0.9697736119171534
8.579999999999862,0.9812975449238053,0.9722593325134179,0.969999779410821
8.589999999999861,0.981436782468305,0.9724662845392583,0.9702236600569967
8.599999999999861,0.9815746251480217,0.9726711505240082,0.9704452818680048
8.60999999999986,0.9817110899823955,0.9728739559749546,0.9706646724730944
8.61999999999986,0.9818461937555686,0.973074726050163,0.9708818591238116
8.62999999999986,0.9819799530198283,0.9732734855634196,0.9710968686993173
8.63999999999986,0.9821123840990058,0.9734702589891172,0.971309727711645
8.64999999999986,0.9822435030918161,0.9736650704670589,0.9715204623108695
8.65999999999986,0.9823733258751627,0.9738579438072225,0.9717290982902373
8.66999999999986,0.9825018681073839,0.9740489024944387,0.9719356610912023
8.67999999999986,0.9826291452314596,0.9742379696930269,0.9721401758084187
8.68999999999986,0.9827551724781742,0.9744251682513614,0.9723426671946582
8.699999999999859,0.9828799648692186,0.9746105207063701,0.972543159665658
8.709999999999859,0.983003537220271,0.9747940492879918,0.972741677304922
8.719999999999859,0.9831259041440145,0.9749757759235529,0.9729382438684375
8.729999999999858,0.9832470800531178,0.9751557222420972,0.9731328827893421
8.739999999999858,0.9833670791631723,0.9753339095786573,0.9733256171825286
8.749999999999858,0.9834859154955847,0.9755103589784581,0.9735164698491763
8.759999999999858,0.9836036028804316,0.975685091201077,0.9737054632812383
8.769999999999857,0.9837201549592651,0.975858126724534,0.9738926196658513
8.779999999999857,0.9838355851878833,0.9760294857493329,0.9740779608896953
8.789999999999857,0.9839499068390568,0.9761991882024423,0.9742615085432887
8.799999999999857,0.9840631330052216,0.9763672537412341,0.9744432839252372
8.809999999999857,0.9841752766011194,0.9765337017573446,0.9746233080464008
8.819999999999856,0.9842863503664091,0.9766985513804975,0.9748016016340197
8.829999999999856,0.9843963668682392,0.9768618214822777,0.9749781851357874
8.839999999999856,0.9845053385037768,0.977023530679834,0.9751530787238484
8.849999999999856,0.9846132775027018,0.9771836973395485,0.9753263022987602
8.859999999999856,0.9847201959296665,0.9773423395806404,0.975497875493384
8.869999999999855,0.9848261056867134,0.9774994752787286,0.9756678176767324
8.879999999999855,0.9849310185156614,0.9776551220693365,0.9758361479577551
8.889999999999855,0.985034946000451,0.9778092973513506,0.9760028851890755
8.899999999999855,0.9851378995694665,0.9779620182904322,0.9761680479706736
8.909999999999854,0.9852398904978023,0.9781133018223703,0.9763316546535123
8.919999999999854,0.9853409299095188,0.9782631646564036,0.9764937233431248
8.929999999999854,0.9854410287798464,0.978411623278474,0.9766542719031308
8.939999999999854,0.9855401979373646,0.9785586939544514,0.9768133179587231
8.949999999999854,0.9856384480661523,0.9787043927333025,0.9769708789000899
8.959999999999853,0.98573578970789,0.9788487354502127,0.9771269718857933
8.969999999999853,0.98583223326395,0.9789917377296712,0.9772816138461015
8.979999999999853,0.9859277889974422,0.9791334149885028,0.977434821486268
8.989999999999853,0.9860224670352308,0.9792737824388602,0.9775866112897675
8.999999999999853,0.9861162773699235,0.9794128550911704,0.9777369995214822
9.009999999999852,0.9862092298618318,0.9795506477570411,0.9778860022308434
9.019999999999852,0.9863013342408958,0.979687175052122,0.9780336352549285
9.029999999999852,0.9863926001085833,0.9798224513989262,0.978179914221512
9.039999999999852,0.9864830369397612,0.979956491029607,0.9783248545520684
9.049999999999851,0.9865726540845376,0.9800893079886976,0.9784684714647376
9.059999999999851,0.9866614607700747,0.9802209161358131,0.9786107799772477
9.069999999999851,0.9867494661023747,0.9803513291483031,0.9787517949097853
9.07999999999985,0.9868366790680403,0.9804805605238731,0.9788915308878312
9.08999999999985,0.9869231085360048,0.9806086235831672,0.9790300023449579
9.09999999999985,0.9870087632592421,0.9807355314723112,0.9791672235255784
9.10999999999985,0.987093651876442,0.9808612971654146,0.9793032084876576
9.11999999999985,0.9871777829136678,0.9809859334670396,0.9794379711053824
9.12999999999985,0.9872611647859859,0.9811094530146398,0.9795715250718033
9.13999999999985,0.9873438057990669,0.9812318682809432,0.9797038839014123
9.14999999999985,0.9874257141507709,0.9813531915763258,0.9798350609327146
9.15999999999985,0.987506897932699,0.9814734350511266,0.9799650693307336
9.169999999999849,0.9875873651317283,0.9815926106979461,0.9800939220895005
9.179999999999849,0.9876671236315216,0.9817107303538988,0.9802216320344931
9.189999999999849,0.987746181214008,0.9818278057028365,0.9803482118250435
9.199999999999848,0.9878245455608525,0.9819438482775389,0.9804736739567105
9.209999999999848,0.987902224254894,0.9820588694618719,0.9805980307636164
9.219999999999848,0.9879792247815656,0.982172880492916,0.9807212944207535
9.229999999999848,0.9880555545302911,0.9822858924630523,0.9808434769462426
9.239999999999847,0.9881312207958617,0.9823979163220352,0.9809645902035785
9.249999999999847,0.9882062307797902,0.9825089628790138,0.9810846459038197
9.259999999999847,0.9882805915916464,0.9826190428045405,0.981203655607764
9.269999999999847,0.9883543102503716,0.9827281666325424,0.981321630728085
9.279999999999847,0.9884273936855721,0.9828363447622601,0.9814385825314321
9.289999999999846,0.9884998487387934,0.9829435874601634,0.9815545221405059
9.299999999999846,0.9885716821647759,0.983049904861835,0.9816694605360997
9.309999999999846,0.98864290063269,0.9831553069738268,0.981783408559111
9.319999999999846,0.9887135107273544,0.9832598036754913,0.9818963769125255
9.329999999999846,0.9887835189504344,0.9833634047207791,0.9820083761633652
9.339999999999845,0.9888529317216193,0.9834661197400141,0.9821194167446128
9.349999999999845,0.9889217553797884,0.9835679582416457,0.9822295089571099
9.359999999999845,0.9889899961841552,0.9836689296139629,0.9823386629714148
9.369999999999845,0.9890576603153928,0.9837690431267982,0.9824468888296496
9.379999999999844,0.9891247538767434,0.9838683079331935,0.982554196447306
9.389999999999844,0.9891912828951173,0.9839667330710471,0.9826605956150296
9.399999999999844,0.9892572533221624,0.9840643274647356,0.982766096000379
9.409999999999844,0.9893226710353262,0.9841610999267071,0.9828707071495523
9.419999999999844,0.9893875418389022,0.9842570591590569,0.9829744384890957
9.429999999999843,0.9894518714650584,0.9843522137550785,0.9830772993275836
9.439999999999843,0.9895156655748469,0.9844465722007887,0.9831792988572741
9.449999999999843,0.9895789297592026,0.9845401428764242,0.9832804461557296
9.459999999999843,0.9896416695399273,0.9846329340579341,0.9833807501874358
9.469999999999843,0.989703890370655,0.9847249539184297,0.9834802198053734
9.479999999999842,0.9897655976378067,0.9848162105296264,0.9835788637525813
9.489999999999842,0.989826796661523,0.984906711863254,0.9836766906636867
9.499999999999842,0.9898874926965954,0.9849964657924564,0.9837737090664216
9.509999999999842,0.9899476909333726,0.9850854800931603,0.9838699273831073
9.519999999999841,0.9900073964986577,0.9851737624454315,0.9839653539321249
9.529999999999841,0.9900666144565891,0.9852613204348054,0.9840599969293595
9.539999999999841,0.9901253498095146,0.9853481615536015,0.9841538644896232
9.54999999999984,0.9901836074988426,0.9854342932022149,0.984246964628058
9.55999999999984,0.9902413924058869,0.9855197226903887,0.984339305261514
9.56999999999984,0.990298709352702,0.9856044572384749,0.984430894209918
9.57999999999984,0.9903555631028954,0.985688503978665,0.9845217391976074
9.58999999999984,0.9904119583624347,0.9857718699562068,0.9846118478546497
9.59999999999984,0.9904678997804435,0.9858545621306074,0.9847012277181484
9.60999999999984,0.990523391949983,0.9859365873768152,0.9847898862335234
9.61999999999984,0.9905784394088206,0.9860179524863812,0.9848778307557714
9.62999999999984,0.9906330466401879,0.9860986641686054,0.9849650685507096
9.639999999999839,0.9906872180735317,0.9861787290516701,0.9850516067962047
9.649999999999839,0.9907409580852473,0.9862581536837512,0.9851374525833773
9.659999999999838,0.9907942709994009,0.9863369445341101,0.9852226129177875
9.669999999999838,0.9908471610884488,0.9864151079941803,0.9853070947206132
9.679999999999838,0.9908996325739373,0.986492650378628,0.9853909048298006
9.689999999999838,0.9909516896271988,0.986569577926401,0.9854740500012016
9.699999999999838,0.9910033363700297,0.9866458968017611,0.9855565369096939
9.709999999999837,0.9910545768753662,0.9867216130952973,0.9856383721502799
9.719999999999837,0.9911054151679494,0.9867967328249396,0.9857195622391872
9.729999999999837,0.9911558552249685,0.9868712619369333,0.9858001136149244
9.739999999999837,0.9912059009767147,0.9869452063068196,0.9858800326393458
9.749999999999837,0.9912555563072056,0.9870185717403885,0.9859593255986843
9.759999999999836,0.9913048250548142,0.9870913639746309,0.9860379987045851
9.769999999999836,0.9913537110128843,0.9871635886786626,0.9861160580951072
9.779999999999836,0.9914022179303279,0.9872352514546391,0.9861935098357169
9.789999999999836,0.9914503495122341,0.9873063578386665,0.9862703599202747
9.799999999999836,0.991498109420446,0.9873769133016848,0.9863466142719944
9.809999999999835,0.9915455012741416,0.9874469232503432,0.9864222787443935
9.819999999999835,0.9915925286504121,0.9875163930278711,0.9864973591222358
9.829999999999835,0.9916391950848148,0.9875853279149227,0.9865718611224497
9.839999999999835,0.9916855040719303,0.9876537331304185,0.9866457903950405
9.849999999999834,0.9917314590659079,0.9877216138323683,0.9867191525239836
9.859999999999834,0.9917770634810041,0.9877889751186898,0.9867919530281112
9.869999999999834,0.9918223206921102,0.9878558220280067,0.9868641973619808
9.879999999999834,0.991867234035275,0.9879221595404404,0.9869358909167316
9.889999999999834,0.9919118068082188,0.9879879925783881,0.9870070390209305
9.899999999999833,0.9919560422708418,0.9880533260072927,0.9870776469414054
9.909999999999833,0.9919999436457217,0.9881181646363971,0.987147719884066
9.919999999999833,0.9920435141186035,0.9881825132194852,0.9872172629947057
9.929999999999833,0.9920867568388887,0.9882463764556236,0.9872862813598073
9.939999999999833,0.9921296749201078,0.9883097589898807,0.9873547800073239
9.949999999999832,0.9921722714403962,0.9883726654140385,0.987422763907449
9.959999999999832,0.9922145494429557,0.9884351002673002,0.9874902379733863
9.969999999999832,0.9922565119365091,0.9884970680369756,0.9875572070620922
9.979999999999832,0.992298161895755,0.9885585731591706,0.9876236759750245
9.989999999999831,0.9923395022618096,0.9886196200194546,0.9876896494588658
9.999999999999831,0.9923805359426406,0.98868021295352,0.9877551322062399
