step times epsilon,SsvTraining,SsvTestingAll,SsvTestingUsv
0.0,0.39359194447744433,0.4424364687216885,0.45464759978274955
0.01,0.39427458553796,0.44296798862855163,0.4551413394011995
0.02,0.39496334916626924,0.4435052389162402,0.45564071135373296
0.03,0.39565830724348816,0.4440482880157714,0.4561457832088422
0.04,0.3963595322611098,0.44459720493088917,0.456656623098334
0.05,0.3970670973153248,0.44515205923319995,0.45717329971266873
0.060000000000000005,0.3977810761008704,0.445712921056882,0.45769588229588487
0.07,0.39850154290439715,0.44627986109296297,0.45822444064010437
0.08,0.399228572597336,0.4468529505831451,0.4587590450795974
0.09,0.3999622406282529,0.447432261313173,0.45929976648440296
0.09999999999999999,0.40070262301467546,0.4480178656057218,0.4598466762534834
0.10999999999999999,0.40144979633437633,0.4486098363127964,0.4603998463074014
0.11999999999999998,0.40220383771610113,0.44920824680762805,0.4609593490805098
0.12999999999999998,0.40296482482971896,0.4498131709760518,0.46152525751263496
0.13999999999999999,0.4037328358757878,0.4504246832073489,0.4620976450402392
0.15,0.40450794957451264,0.4510428583845434,0.46267658558705105
0.16,0.40529024515408496,0.4516677718741371,0.4632621535541501
0.17,0.4060798023383841,0.45229949951526244,0.46385442380948205
0.18000000000000002,0.40687670133402526,0.452938117608246,0.4644534716768012
0.19000000000000003,0.4076810228167404,0.4535837029025579,0.4650593729240122
0.20000000000000004,0.40849284791707074,0.45423633258414414,0.4656722037509125
0.21000000000000005,0.409312258205358,0.4548960842621114,0.4662920407762998
0.22000000000000006,0.41013933567601635,0.4555630359547586,0.4669189610244442
0.23000000000000007,0.410974162731068,0.4562372660749372,0.46755304191090447
0.24000000000000007,0.411816822162926,0.45691885341472016,0.4681943612276687
0.25000000000000006,0.4126673971364072,0.457607877129369,0.46884299712760946
0.26000000000000006,0.4135259711699571,0.45830441672057837,0.4694990281082337
0.2700000000000001,0.4143926281160752,0.4590085520189849,0.47016253299471233
0.2800000000000001,0.41526745214091304,0.4597203631659202,0.470833590922172
0.2900000000000001,0.41615052770304023,0.46043993059439764,0.471512281317237
0.3000000000000001,0.4170419395313541,0.46116733500930984,0.4721986838787988
0.3100000000000001,0.4179417726021165,0.46190265736682606,0.47289287855800344
0.3200000000000001,0.41885011211510603,0.4626459788529705,0.4735949455374366
0.3300000000000001,0.4197670434688622,0.4633973808613656,0.4743049652094915
0.34000000000000014,0.4206926522350131,0.4641569449701272,0.4750230181539057
0.35000000000000014,0.4216270241316624,0.4649247529178907,0.47574918511444775
0.36000000000000015,0.422570244995826,0.46570088657895775,0.4764835469747407
0.37000000000000016,0.4235224007549004,0.46648542793754544,0.47722618473320666
0.38000000000000017,0.4244835773971468,0.46727845906112414,0.47797717947711843
0.3900000000000002,0.42545386094117743,0.4680800620728259,0.47873661235573794
0.4000000000000002,0.42643333740442807,0.46889031912291484,0.47950456455253654
0.4100000000000002,0.42742209277060655,0.469709312359302,0.4802811172564759
0.4200000000000002,0.42842021295609634,0.4705371238970881,0.4810663516323361
0.4300000000000002,0.42942778377531055,0.47137383578712805,0.48186034879008244
0.4400000000000002,0.4304448909049775,0.47221952998359923,0.4826631897532546
0.45000000000000023,0.43147161984734944,0.4730742883105613,0.48347495542636426
0.46000000000000024,0.4325080558923228,0.47393819242749946,0.4842957265612936
0.47000000000000025,0.4335542840784569,0.4748113237938405,0.4851255837226864
0.48000000000000026,0.4346103891528861,0.47569376363242305,0.4859646072523073
0.49000000000000027,0.4356764555301126,0.47658559289192803,0.48681287723238187
0.5000000000000002,0.43675256724967415,0.4774868922082419,0.48767047344788383
0.5100000000000002,0.43783880793267854,0.47839774186476464,0.48853747534778613
0.5200000000000002,0.4389352607372,0.4793182217516386,0.48941396200524817
0.5300000000000002,0.4400420083125328,0.48024841132390456,0.4903000120767475
0.5400000000000003,0.4411591327522967,0.48118838955857335,0.4911957037601425
0.5500000000000003,0.442286715546394,0.48213823491061264,0.4921011147516673
0.5600000000000003,0.44342483753181633,0.4830980252678465,0.49301632220185404
0.5700000000000003,0.4445735788423015,0.48406783790476593,0.493941402670382
0.5800000000000003,0.44573301885684036,0.4850477494352492,0.49487643207985144
0.5900000000000003,0.4469032361470407,0.486037835764197,0.4958214856684861
0.6000000000000003,0.44808430842334995,0.4870381720380836,0.496776637941767
0.6100000000000003,0.4492763124801442,0.4880488325944286,0.49774196262299963
0.6200000000000003,0.4504793241396915,0.48906989091019637,0.4987175326028226
0.6300000000000003,0.45169341819499953,0.49010141954912984,0.49970341988766237
0.6400000000000003,0.45291866835156125,0.49114349010803304,0.500699695547151
0.6500000000000004,0.4541551471680075,0.49219617316200426,0.5017064296605035
0.6600000000000004,0.45540292599569143,0.49325953820864726,0.5027236912618862
0.6700000000000004,0.4566620749172115,0.49433365361126336,0.5037515482847763
0.6800000000000004,0.4579326626839039,0.49541858654104914,0.5047900675053354
0.6900000000000004,0.45921475665231937,0.4965144029183199,0.50583931448482
0.7000000000000004,0.46050842271971426,0.4976211673527758,0.5068993535110412
0.7100000000000004,0.46181372525857983,0.4987389430828404,0.5079702475389055
0.7200000000000004,0.4631307270502426,0.4998677919140955,0.5090520581300587
0.7300000000000004,0.46445948921756547,0.5010077741568449,0.5101448453916648
0.7400000000000004,0.4658000711567866,0.5021589485628316,0.5112486679143429
0.7500000000000004,0.4671525304685325,0.5033213722611509,0.5123635827093055
0.7600000000000005,0.46851692288804736,0.5044951006933932,0.5134896451447297
0.7700000000000005,0.46989330221468134,0.5056801875480532,0.5146269088813962
0.7800000000000005,0.4712817202406831,0.5068766846942547,0.5157754258076476
0.7900000000000005,0.4726822266793467,0.508084642114826,0.5169352459736958
0.8000000000000005,0.47409486909256665,0.5093041078387873,0.5181064175253425
0.8100000000000005,0.4755196928178528,0.5105351278732889,0.519288986637148
0.8200000000000005,0.476956740894866,0.5117777461350614,0.5204829974451103
0.8300000000000005,0.4784060539915365,0.5130320043814324,0.5216884919789063
0.8400000000000005,0.4798676703298267,0.5142979421409691,0.5229055100937547
0.8500000000000005,0.48134162561120786,0.5155755966438114,0.5241340894019622
0.8600000000000005,0.48282795294192304,0.5168650027517613,0.5253742652042208
0.8700000000000006,0.4843266827581071,0.518166192888194,0.5266260704207157
0.8800000000000006,0.4858378427508427,0.5194791969678709,0.5278895355221279
0.8900000000000006,0.4873614577912334,0.5208040423267196,0.5291646884605912
0.9000000000000006,0.48889754985557526,0.5221407536516681,0.5304515546006914
0.9100000000000006,0.49044613795071595,0.5234893529106053,0.5317501566505776
0.9200000000000006,0.49200723803968793,0.5248498592825644,0.5330605145932836
0.9300000000000006,0.49358086296771253,0.5262222890882023,0.5343826456183248
0.9400000000000006,0.49516702238866656,0.527606655720675,0.5357165640536771
0.9500000000000006,0.4967657226921111,0.5290029695769954,0.5370622812982164
0.9600000000000006,0.49837696693098554,0.5304112379899762,0.5384198057547239
0.9700000000000006,0.5000007547500701,0.5318314651608474,0.5397891427635417
0.9800000000000006,0.5016370823153211,0.5332636520926559,0.5411702945369896
0.9900000000000007,0.5032859422441917,0.5347077965245461,0.5425632600946348
1.0000000000000007,0.5049473235370467,0.5361638928670306,0.5439680351995266
1.0100000000000007,0.5066212115097875,0.5376319321383499,0.5453846122954906
1.0200000000000007,0.5083075877278003,0.5391119019020489,0.5468129804456111
1.0300000000000007,0.5100064299413491,0.5406037862058578,0.5482531252719849
1.0400000000000007,0.5117177120225282,0.542107565522008,0.5497050288968779
1.0500000000000007,0.513441403903898,0.5436232166890936,0.5511686698853925
1.0600000000000007,0.5151774715189271,0.5451507128555884,0.5526440231897536
1.0700000000000007,0.5169258767443612,0.5466900234251437,0.5541310600953393
1.0800000000000007,0.5186865773446449,0.5482411140037801,0.5556297481685639
1.0900000000000007,0.520459526918521,0.5498039463490886,0.5571400512067305
1.1000000000000008,0.5222446748479315,0.551378478321571,0.5586619291899809
1.1100000000000008,0.5240419662493483,0.5529646638382257,0.5601953382354451
1.1200000000000008,0.5258513419276543,0.5545624528285065,0.5617402305537196
1.1300000000000008,0.5276727383327027,0.5561717911927672,0.5632965544077833
1.1400000000000008,0.5295060875186772,0.5577926207633153,0.5648642540744748
1.1500000000000008,0.5313513171063777,0.5594248792681872,0.5664432698086396
1.1600000000000008,0.5332083502485474,0.5610685002977596,0.5680335378100626
1.1700000000000008,0.5350771055983684,0.5627234132743157,0.5696349901933027
1.1800000000000008,0.5369574972812374,0.5643895434246745,0.5712475549605338
1.1900000000000008,0.5388494348699385,0.5660668117559914,0.5728711559775046
1.2000000000000008,0.5407528233633251,0.567755135034837,0.5745057129527149
1.2100000000000009,0.5426675631686215,0.5694544257696665,0.5761511414199278
1.2200000000000009,0.5445935500874457,0.5711645921967636,0.5778073527240931
1.2300000000000009,0.546530675305662,0.5728855382697726,0.5794742540108002
1.2400000000000009,0.548478825387152,0.5746171636528976,0.581151748219334
1.2500000000000009,0.5504378822716061,0.5763593637178702,0.5828397340794362
1.260000000000001,0.552407723276416,0.5781120295447562,0.5845381061118412
1.270000000000001,0.5543882211027567,0.5798750479266911,0.5862467546326746
1.280000000000001,0.5563792438459292,0.5816483013786079,0.5879655657617776
1.290000000000001,0.5583806550100417,0.5834316681500352,0.5896944214350336
1.300000000000001,0.5603923135270892,0.5852250222420146,0.5914331994207459
1.310000000000001,0.5624140737804915,0.5870282334282055,0.5931817733401341
1.320000000000001,0.5644457856331383,0.5888411672802136,0.5949400126919825
1.330000000000001,0.5664872944599908,0.5906636851971935,0.5967077828814942
1.340000000000001,0.5685384411852705,0.5924956444397528,0.5984849452533734
1.350000000000001,0.5705990623242665,0.5943368981681907,0.6002713571291717
1.360000000000001,0.5726689900297801,0.5961872954850856,0.602066871848912
1.370000000000001,0.5747480521432229,0.5980466814822389,0.603871338816993
1.380000000000001,0.5768360722503638,0.5999148972919905,0.6056846035523973
1.390000000000001,0.5789328697417291,0.6017917801428856,0.6075065077431747
1.400000000000001,0.5810382598776342,0.6036771634196842,0.6093368893051967
1.410000000000001,0.5831520538578288,0.6055708767276974,0.6111755824451646
1.420000000000001,0.5852740588957186,0.6074727459614055,0.6130224177278273
1.430000000000001,0.5874040782971238,0.6093825933773239,0.614877222147374
1.440000000000001,0.5895419115435269,0.611300237671074,0.6167398192029607
1.450000000000001,0.5916873543797414,0.6132254940585851,0.618610028978296
1.460000000000001,0.5938401989059383,0.6151581743613704,0.6204876682252285
1.470000000000001,0.5960002336739468,0.6170980870958005,0.6223725504512639
1.480000000000001,0.5981672437877446,0.6190450375662819,0.6242644860109163
1.490000000000001,0.6003410110080346,0.6209988279622546,0.6261632822008095
1.500000000000001,0.6025213138608043,0.6229592574588952,0.628068743358418
1.5100000000000011,0.6047079277497509,0.6249261223214247,0.6299806709643432
1.5200000000000011,0.6069006250724469,0.6268992160128931,0.6318988637480047
1.5300000000000011,0.6090991753401112,0.6288783293053131,0.6338231177966136
1.5400000000000011,0.6113033453008454,0.6308632503940124,0.635753226667304
1.5500000000000012,0.6135128990661854,0.6328537650150516,0.6376889815022682
1.5600000000000012,0.6157275982408059,0.6348496565655622,0.6396301711467512
1.5700000000000012,0.6179472020552167,0.6368507062268446,0.6415765822697516
1.5800000000000012,0.620171467501277,0.6388566930900595,0.6435279994872551
1.5900000000000012,0.6224001494703455,0.6408673942843415,0.6454842054878405
1.6000000000000012,0.6246330008938814,0.6428825851071569,0.6474449811604757
1.6100000000000012,0.6268697728863094,0.644902039156725,0.6494101057243289
1.6200000000000012,0.6291102148899397,0.6469255284663054,0.6513793568603967
1.6300000000000012,0.6313540748217531,0.6489528236401746,0.65335251084478
1.6400000000000012,0.6336010992218372,0.6509836939910763,0.655329342683386
1.6500000000000012,0.6358510334032624,0.6530179076789576,0.6573096262478815
1.6600000000000013,0.6381036216031879,0.6550552318507813,0.6592931344126796
1.6700000000000013,0.6403586071349754,0.6570954327812091,0.6612796391927676
1.6800000000000013,0.6426157325410947,0.6591382760139473,0.6632689118821604
1.6900000000000013,0.6448747397465983,0.6611835265035464,0.6652607231927834
1.7000000000000013,0.6471353702129401,0.6632309487574389,0.6672548433935637
1.7100000000000013,0.6493973650919218,0.6652803069780107,0.6692510424495329
1.7200000000000013,0.6516604653795358,0.6673313652044883,0.6712490901607264
1.7300000000000013,0.6539244120694879,0.6693838874544391,0.6732487563006768
1.7400000000000013,0.6561889463061739,0.6714376378646665,0.6752498107542897
1.7500000000000013,0.6584538095368979,0.6734923808313034,0.6772520236549047
1.7600000000000013,0.6607187436631037,0.6755478811488892,0.6792551655203355
1.7700000000000014,0.6629834911904152,0.6776039041482359,0.6812590073876911
1.7800000000000014,0.6652477953772713,0.6796602158328863,0.68326332094679
1.7900000000000014,0.6675114003819433,0.6817165830139601,0.6852678786719644
1.8000000000000014,0.6697740514077432,0.6837727734432113,0.6872724539520783
1.8100000000000014,0.6720354948462129,0.6858285559441069,0.6892768212185802
1.8200000000000014,0.6742954784181145,0.6878837005407461,0.691280756071404
1.8300000000000014,0.6765537513120239,0.689937978584448,0.693284035402554
1.8400000000000014,0.6788100643203585,0.6919911628778485,0.6952864375172209
1.8500000000000014,0.6810641699726603,0.6940430277963341,0.6972877422522525
1.8600000000000014,0.6833158226659679,0.6960933494066692,0.6992877310918445
1.8700000000000014,0.6855647787921268,0.698141905582672,0.7012861872803082
1.8800000000000014,0.6878107968618792,0.7001884761177947,0.7032828959317736
1.8900000000000015,0.6900536376255963,0.7022328428344845,0.7052776441367065
1.9000000000000015,0.6922930641905206,0.7042747896902039,0.7072702210651247
1.9100000000000015,0.6945288421343893,0.7063141028799953,0.7092604180663968
1.9200000000000015,0.6967607396153271,0.7083505709354867,0.7112480287655265
1.9300000000000015,0.6989885274779023,0.710383984820249,0.7132328491558357
1.9400000000000015,0.701211979355244,0.7124141380214059,0.7152146776879463
1.9500000000000015,0.7034308717671393,0.7144408266374381,0.7171933153550127
1.9600000000000015,0.7056449842140256,0.7164638494620955,0.719168565774113
1.9700000000000015,0.7078540992668155,0.7184830080643738,0.7211402352637633
1.9800000000000015,0.7100580026524889,0.7204981068644937,0.7231081329174949
1.9900000000000015,0.7122564833354066,0.7225089532058538,0.7250720706734657
2.0000000000000013,0.7144493335943031,0.7245153574229178,0.7270318633800715
2.010000000000001,0.7166363490949297,0.7265171329050161,0.7289873288575377
2.020000000000001,0.7188173289583213,0.7285140961560514,0.730938287955484
2.0300000000000007,0.7209920758246808,0.730506066850097,0.732884564606451
2.0400000000000005,0.7231603959128721,0.7324928678829017,0.7348259858754091
2.0500000000000003,0.7253220990755282,0.7344743254192992,0.736762382005242
2.06,0.7274769988497916,0.7364502689365594,0.7386935864582513
2.07,0.7296249125037019,0.7384205312636929,0.7406194359536906
2.0799999999999996,0.7317656610782683,0.7403849486167559,0.7425397705013776
2.0899999999999994,0.7338990694252591,0.7423433606301958,0.74445443343143
2.099999999999999,0.7360249662407555,0.7442956103842847,0.7463632714201671
2.109999999999999,0.7381431840945251,0.7462415444286967,0.7482661345122397
2.1199999999999988,0.7402535594552667,0.7481810128023005,0.750162876139059
2.1299999999999986,0.7423559327118031,0.7501138690492252,0.7520533531335807
2.1399999999999983,0.7444501481902852,0.7520399702312806,0.7539374257415293
2.149999999999998,0.7465360541674877,0.7539591769368138,0.7558149576291453
2.159999999999998,0.7486135028802823,0.7558713532860796,0.7576858158875288
2.1699999999999977,0.7506823505313726,0.7577763669332191,0.7595498710336808
2.1799999999999975,0.7527424572913903,0.7596740890649462,0.761406997008335
2.1899999999999973,0.7547936872974402,0.7615643943960245,0.7632570711706705
2.199999999999997,0.756835908648205,0.7634471611616505,0.7650999742900118
2.209999999999997,0.7588689933957099,0.765322271106839,0.7669355905346213
2.2199999999999966,0.7608928175338554,0.767189609472923,0.7687638074576899
2.2299999999999964,0.7629072609838303,0.7690490649812698,0.7705845159806296
2.239999999999996,0.7649122075765183,0.7709005298143313,0.7723976103737845
2.249999999999996,0.7669075450320089,0.7727438995941424,0.7742029882346757
2.259999999999996,0.768893164936339,0.7745790733583692,0.7760005504638767
2.2699999999999956,0.770868962715573,0.7764059535340408,0.7777902012386578
2.2799999999999954,0.7728348376073506,0.7782244459090677,0.779571847984497
2.289999999999995,0.7747906926300114,0.7800344596016606,0.781345401344573
2.299999999999995,0.7767364345494268,0.7818359070277764,0.7831107751473637
2.3099999999999947,0.7786719738436524,0.783628703866698,0.7848678863724594
2.3199999999999945,0.7805972246655268,0.7854127690248673,0.7866166551147025
2.3299999999999943,0.7825121048033299,0.7871880245980843,0.7883570045467729
2.339999999999994,0.7844165356396222,0.7889543958321792,0.7900888608803185
2.349999999999994,0.786310442108386,0.7907118110822844,0.7918121533257589
2.3599999999999937,0.7881937526505769,0.7924602017707956,0.7935268140508502
2.3699999999999934,0.7900663991682102,0.7941995023441493,0.7952327781381341
2.3799999999999932,0.791928316977081,0.7959296502285075,0.796929983541364
2.389999999999993,0.7937794447582461,0.7976505857844646,0.7986183710410191
2.399999999999993,0.7956197245083609,0.7993622522608734,0.8002978841990016
2.4099999999999926,0.7974491014889873,0.8010645957478841,0.8019684693126083
2.4199999999999924,0.7992675241749683,0.8027575651293004,0.8036300753678836
2.429999999999992,0.8010749442019802,0.8044411120343427,0.8052826539924332
2.439999999999992,0.8028713163133497,0.8061151907889084,0.806926159407798
2.4499999999999917,0.8046565983062409,0.8077797583664146,0.808560548381458
2.4599999999999915,0.8064307509772979,0.809434774338314,0.8101857801785681
2.4699999999999913,0.8081937380678326,0.8110802008243578,0.811801816513489
2.479999999999991,0.8099455262086511,0.8127160024426868,0.8134086215011957
2.489999999999991,0.811686084864591,0.8143421462598252,0.8150061616086336
2.4999999999999907,0.8134153862788553,0.8159586017406484,0.8165944056060968
2.5099999999999905,0.8151334054172203,0.8175653406983909,0.8181733245186835
2.5199999999999902,0.8168401199121849,0.8191623372447616,0.8197428915779058
2.52999999999999,0.818535510007138,0.820749567740224,0.8213030821734956
2.53999999999999,0.8202195585006022,0.8223270107445039,0.8228538738054793
2.5499999999999896,0.8218922506906257,0.8238946469673764,0.824395246036564
2.5599999999999894,0.8235535743193736,0.8254524592197786,0.8259271804448798
2.569999999999989,0.8252035195179804,0.8270004323653114,0.8274496605771442
2.579999999999989,0.8268420787517151,0.8285385532721514,0.8289626719022605
2.5899999999999888,0.8284692467655079,0.8300668107654406,0.8304662017654239
2.5999999999999885,0.8300850205298896,0.8315851955801705,0.8319602393427407
2.6099999999999883,0.8316893991873779,0.8330937003146143,0.8334447755964234
2.619999999999988,0.8332823839993632,0.8345923193843194,0.8349198032305585
2.629999999999988,0.8348639782935203,0.8360810489767145,0.8363853166475131
2.6399999999999877,0.8364341874117907,0.8375598870063362,0.8378413119049726
2.6499999999999875,0.8379930186589591,0.8390288330707127,0.8392877866736512
2.6599999999999873,0.8395404812518594,0.8404878884069227,0.8407247401956885
2.669999999999987,0.8410765862692303,0.8419370558488416,0.8421521732437444
2.679999999999987,0.8426013466022532,0.8433763397851082,0.8435700880808219
2.6899999999999866,0.8441147769057842,0.8448057461178081,0.844978488420814
2.6999999999999864,0.8456168935503054,0.8462252822218952,0.8463773793897926
2.709999999999986,0.8471077145746136,0.8476349569053663,0.8477667674880545
2.719999999999986,0.8485872596392525,0.8490347803701789,0.8491466605529105
2.7299999999999858,0.8500555499807106,0.8504247641739426,0.8505170677222507
2.7399999999999856,0.8515126083663903,0.8518049211923657,0.8518779993988596
2.7499999999999853,0.8529584590503552,0.8531752655824715,0.8532294672155005
2.759999999999985,0.8543931277298664,0.8545358127465851,0.8545714840007647
2.769999999999985,0.8558166415027127,0.855886579297088,0.8559040637456817
2.7799999999999847,0.8572290288253297,0.8572275830219303,0.8572272215710803
2.7899999999999845,0.8586303194717233,0.8585588428509107,0.8585409736957075
2.7999999999999843,0.8600205444931867,0.8598803788227162,0.8598453374050985
2.809999999999984,0.8613997361788129,0.8611922120526992,0.8611403310211708
2.819999999999984,0.8627679280168048,0.8624943647014143,0.8624259738725666
2.8299999999999836,0.8641251546565736,0.8637868599438738,0.8637022862656989
2.8399999999999834,0.865471451871621,0.8650697219395438,0.8649692894565244
2.849999999999983,0.866806856523208,0.8663429758030462,0.8662270056230058
2.859999999999983,0.8681314065247913,0.8676066475755708,0.8674754578382657
2.869999999999983,0.8694451408072272,0.8688607641969797,0.8687146700444177
2.8799999999999826,0.8707480992847374,0.8701053534785974,0.8699446670270625
2.8899999999999824,0.8720403228216217,0.8713404440766632,0.8711654743904236
2.899999999999982,0.8733218531997056,0.8725660654664498,0.8723771185331358
2.909999999999982,0.8745927330865267,0.8737822479170163,0.8735796266246387
2.9199999999999817,0.8758530060042313,0.8749890224665998,0.8747730265821919
2.9299999999999815,0.8771027162991845,0.8761864208986151,0.8759573470484727
2.9399999999999813,0.8783419091122712,0.8773744757182591,0.877132617369756
2.949999999999981,0.8795706303498871,0.878553220129705,0.8782988675746595
2.959999999999981,0.880788926655596,0.8797226880138652,0.8794561283534325
2.9699999999999807,0.8819968453824499,0.8808829139067136,0.8806044310377794
2.9799999999999804,0.883194434565954,0.8820339329781512,0.8817438075812005
2.9899999999999802,0.884381742897669,0.8831757810114068,0.8828742905398412
2.99999999999998,0.8855588196994312,0.8843084943829388,0.8839959130538156
3.00999999999998,0.886725714898182,0.8854321100428504,0.8851087088290175
3.0199999999999796,0.887882479001392,0.8865466654957836,0.8862127121193815
3.0299999999999794,0.8890291630730707,0.8876521987822867,0.8873079577095908
3.039999999999979,0.8901658187103386,0.8887487484606362,0.8883944808982105
3.049999999999979,0.891292498020564,0.8898363535891087,0.8894723174812449
3.0599999999999787,0.8924092535990358,0.8909150537086754,0.8905415037360853
3.0699999999999785,0.8935161385071716,0.8919848888261167,0.891602076405853
3.0799999999999783,0.894613206251243,0.8930458993975425,0.8926540726841175
3.089999999999978,0.895700510761605,0.8940981263122991,0.8936975301999727
3.099999999999978,0.8967781063724212,0.8951416108772561,0.8947324870034647
3.1099999999999777,0.8978460478018679,0.8961763948014578,0.8957589815513554
3.1199999999999775,0.8989043901328115,0.8972025201811319,0.896777052693212
3.1299999999999772,0.8999531887939373,0.8982200294850381,0.8977867396578133
3.139999999999977,0.9009924995413326,0.8992289655401459,0.8987880820398492
3.149999999999977,0.9020223784404993,0.9002293715176352,0.899781119786919
3.1599999999999766,0.9030428818487903,0.901221290919208,0.9007658931868123
3.1699999999999764,0.9040540663982665,0.9022047675636964,0.9017424428550538
3.179999999999976,0.9050559889789467,0.9031798455739595,0.9027108097227127
3.189999999999976,0.9060487067224587,0.9041465693640621,0.903671035024463
3.1999999999999758,0.90703227698607,0.9051049836267276,0.904623160286892
3.2099999999999755,0.9080067573370906,0.9060551333210415,0.9055672273170292
3.2199999999999753,0.9089722055376429,0.9069970636604233,0.9065032781911184
3.229999999999975,0.9099286795297828,0.907930820100827,0.9074313552435881
3.239999999999975,0.9108762374209706,0.9088564483291985,0.9083515010562555
3.2499999999999747,0.9118149374698774,0.9097739942521437,0.9092637584477102
3.2599999999999745,0.9127448380725174,0.9106835039848281,0.9101681704629059
3.2699999999999743,0.9136659977487094,0.911585023840097,0.9110647803629439
3.279999999999974,0.9145784751288426,0.9124786003177945,0.9119536316150324
3.289999999999974,0.9154823289409533,0.9133642800942937,0.9128347678826287
3.2999999999999736,0.9163776179980992,0.9142421100122171,0.9137082330157466
3.3099999999999734,0.9172644011860257,0.9151121370703595,0.914574071041443
3.319999999999973,0.9181427374511131,0.9159744084137809,0.9154323261544478
3.329999999999973,0.9190126857886062,0.9168289713240948,0.916283042707967
3.3399999999999728,0.9198743052311149,0.9176758732099275,0.9171262652046307
3.3499999999999726,0.9207276548373777,0.918515161597544,0.9179620382875855
3.3599999999999723,0.9215727936812875,0.9193468841216499,0.9187904067317404
3.369999999999972,0.9224097808411708,0.92017108851635,0.9196114154351448
3.379999999999972,0.9232386753893147,0.9209878226062699,0.9204251094105087
3.3899999999999717,0.9240595363817397,0.921797134297831,0.9212315337768537
3.3999999999999715,0.9248724228482059,0.9225990715706784,0.9220307337512966
3.4099999999999713,0.9256773937824582,0.9233936824692575,0.9228227546409573
3.419999999999971,0.9264745081326957,0.9241810150945384,0.9236076418349991
3.429999999999971,0.927263824792268,0.9249611175958817,0.9243854407967851
3.4399999999999706,0.9280454025905902,0.9257340381630441,0.9251561970561575
3.4499999999999704,0.9288193002842696,0.9264998250183217,0.9259199562018348
3.45999999999997,0.9295855765484535,0.9272585264088332,0.9266767638739282
3.46999999999997,0.9303442899683736,0.9280101905989312,0.9274266657565705
3.47999999999997,0.9310954990311006,0.9287548658627476,0.9281697075706594
3.4899999999999696,0.931839262117496,0.9294926004768658,0.9289059350667083
3.4999999999999694,0.9325756374943616,0.9302234427131224,0.9296353940178126
3.509999999999969,0.9333046833067824,0.9309474408315365,0.930358130212725
3.519999999999969,0.9340264575706574,0.9316646430733573,0.9310741894490322
3.5299999999999687,0.9347410181654177,0.9323750976542413,0.9317836175264472
3.5399999999999685,0.9354484228269297,0.9330788527575468,0.932486460240201
3.5499999999999683,0.9361487291405771,0.9337759565277469,0.9331827633745393
3.559999999999968,0.9368419945345184,0.9344664570639643,0.9338725726963257
3.569999999999968,0.9375282762731236,0.9351504024136237,0.9345559339487487
3.5799999999999677,0.9382076314505783,0.9358278405662175,0.9352328928451272
3.5899999999999674,0.9388801169846624,0.9364988194471932,0.9359034950628259
3.5999999999999672,0.9395457896106892,0.9371633869119423,0.9365677862372557
3.609999999999967,0.9402047058756121,0.9378215907399224,0.9372258119560001
3.619999999999967,0.940856922132294,0.9384734786288723,0.9378776177530168
3.6299999999999666,0.9415024945339324,0.939119098189148,0.9385232491029518
3.6399999999999664,0.9421414790286452,0.9397584969381747,0.939162751415557
3.649999999999966,0.9427739313542078,0.9403917222949957,0.9397961700301927
3.659999999999966,0.9433999070329447,0.9410188215749434,0.9404235502104431
3.6699999999999657,0.9440194613667702,0.9416398419844115,0.9410449371388219
3.6799999999999655,0.9446326494323769,0.9422548306157366,0.9416603759115765
3.6899999999999653,0.9452395260765705,0.9428638344421888,0.9422699115335933
3.699999999999965,0.9458401459117501,0.9434669003130682,0.9428735889133977
3.709999999999965,0.946434563311524,0.9440640749489059,0.9434714528582513
3.7199999999999647,0.9470228324064738,0.9446554049367696,0.9440635480693436
3.7299999999999645,0.9476050070800481,0.9452409367256815,0.94464991913709
3.7399999999999642,0.9481811409645969,0.9458207166221257,0.945230610536508
3.749999999999964,0.9487512874375368,0.9463947907856733,0.9458056666227075
3.759999999999964,0.9493154996176518,0.946963205224701,0.9463751316264634
3.7699999999999636,0.9498738303615196,0.9475260057922172,0.9469390496498917
3.7799999999999634,0.9504263322600668,0.948083238181785,0.9474974646622145
3.789999999999963,0.9509730576352513,0.9486349479235457,0.9480504204956193
3.799999999999963,0.95151405853687,0.9491811803803504,0.9485979608412204
3.8099999999999627,0.9520493867394858,0.949721980743978,0.9491401292451009
3.8199999999999625,0.952579093739476,0.9502573940314627,0.9496769691044593
3.8299999999999623,0.9531032307522034,0.9507874650815127,0.95020852366384
3.839999999999962,0.9536218487092969,0.9513122385510302,0.9507348360114636
3.849999999999962,0.9541349982560545,0.9518317589117252,0.9512559490756428
3.8599999999999617,0.9546427297489556,0.9523460704468243,0.9517719056212914
3.8699999999999615,0.955145093253285,0.9528552172478797,0.9522827482465284
3.8799999999999613,0.9556421385408693,0.9533592432116623,0.9527885193793606
3.889999999999961,0.9561339150879176,0.9538581920371588,0.9532892612744691
3.899999999999961,0.9566204720729724,0.9543521072226555,0.9537850160100763
3.9099999999999606,0.9571018583749622,0.9548410320629154,0.9542758254849036
3.9199999999999604,0.9575781225713593,0.9553250096464413,0.9547617314152118
3.92999999999996,0.9580493129364361,0.9558040828528382,0.9552427753319387
3.93999999999996,0.9585154774396246,0.9562782943502585,0.9557189985779169
3.9499999999999598,0.9589766637439677,0.9567476865929321,0.9561904423051731
3.9599999999999596,0.9594329192046738,0.9572123018187928,0.9566571474723227
3.9699999999999593,0.9598842908677628,0.9576721820471863,0.9571191548420421
3.979999999999959,0.9603308254688017,0.9581273690766595,0.9575765049786239
3.989999999999959,0.9607725694317345,0.9585779044828413,0.9580292382456179
3.9999999999999587,0.9612095688678035,0.9590238296164064,0.9584773948035572
4.009999999999959,0.9616418695745527,0.9594651856011126,0.9589210146077526
4.019999999999959,0.9620695170349224,0.9599020133319308,0.9593601374061829
4.0299999999999585,0.9624925564164256,0.9603343534732516,0.9597948027374581
4.039999999999958,0.9629110325704083,0.9607622464571668,0.9602250499288565
4.049999999999958,0.9633249900313905,0.9611857324818358,0.9606509180944471
4.059999999999958,0.9637344730164867,0.9616048515099278,0.9610724461332881
4.069999999999958,0.9641395254249078,0.9620196432671385,0.9614896727276961
4.079999999999957,0.9645401908375314,0.9624301472407821,0.9619026363415948
4.089999999999957,0.964936512516557,0.9628364026784602,0.962311375218936
4.099999999999957,0.9653285334052262,0.9632384485868016,0.9627159273821955
4.109999999999957,0.9657162961276201,0.9636363237302774,0.9631163306309418
4.119999999999957,0.9660998429885247,0.9640300666300806,0.9635126225404695
4.129999999999956,0.9664792159733645,0.9644197155630834,0.9639048404605131
4.139999999999956,0.966854456748203,0.9648053085608583,0.9642930215140222
4.149999999999956,0.9672256066598136,0.9651868834087705,0.9646772025960095
4.159999999999956,0.9675927067358069,0.9655644776451304,0.9650574203724613
4.1699999999999555,0.9679557976848253,0.9659381285604222,0.9654337112793214
4.179999999999955,0.9683149198968014,0.9663078731965864,0.9658061115215326
4.189999999999955,0.9686701134432697,0.966673748346374,0.9661746570721501
4.199999999999955,0.9690214180777407,0.9670357905527562,0.9665393836715102
4.209999999999955,0.969368873236132,0.9673940361084001,0.9669003268264671
4.2199999999999545,0.969712518037252,0.9677485210551994,0.9672575218096863
4.229999999999954,0.970052391283342,0.9680992811838715,0.9676110036590038
4.239999999999954,0.9703885314606666,0.9684463520336064,0.9679608071768414
4.249999999999954,0.9707209767401581,0.9687897688917719,0.9683069669296753
4.259999999999954,0.9710497649781097,0.9691295667936767,0.9686495172475684
4.269999999999953,0.9713749337169182,0.9694657805223902,0.9689884922237582
4.279999999999953,0.9716965201858725,0.9697984446086084,0.9693239257142925
4.289999999999953,0.9720145613019913,0.9701275933305833,0.9696558513377312
4.299999999999953,0.9723290936708986,0.9704532607140856,0.9699843024748822
4.3099999999999525,0.972640153587753,0.9707754805324427,0.970309312268615
4.319999999999952,0.9729477770382072,0.9710942863065981,0.9706309136236958
4.329999999999952,0.9732519996994196,0.9714097113052403,0.9709491392066955
4.339999999999952,0.9735528569410962,0.9717217885449682,0.9712640214459362
4.349999999999952,0.9738503838265771,0.9720305507905006,0.9715755925314815
4.3599999999999515,0.974144615113959,0.9723360305549414,0.9718838844151869
4.369999999999951,0.9744355852572506,0.9726382601000746,0.9721889288107806
4.379999999999951,0.9747233284075666,0.9729372714367095,0.9724907571939951
4.389999999999951,0.9750078784143525,0.9732330963250688,0.972789400802748
4.399999999999951,0.9752892688266457,0.9735257662752133,0.9730848906373551
4.40999999999995,0.9755675328943655,0.9738153125475055,0.9733772574607904
4.41999999999995,0.9758427035696293,0.9741017661531172,0.9736665317989891
4.42999999999995,0.9761148135081099,0.9743851578545675,0.9739527439411819
4.43999999999995,0.976383895070407,0.9746655181663031,0.974235923940277
4.4499999999999496,0.9766499803234581,0.9749428773553132,0.974516101613277
4.459999999999949,0.9769131010419665,0.9752172654417727,0.9747933065417241
4.469999999999949,0.9771732887098592,0.9754887121997285,0.9750675680721959
4.479999999999949,0.9774305745217674,0.9757572471578142,0.9753389153168258
4.489999999999949,0.9776849893845329,0.9760228995999901,0.9756073771538544
4.4999999999999485,0.9779365639187301,0.976285698566328,0.9758729822282275
4.509999999999948,0.978185328460218,0.976545672853812,0.9761357589522104
4.519999999999948,0.9784313130617053,0.9768028510171767,0.9763957355060446
4.529999999999948,0.9786745474943398,0.9770572613697718,0.9766529398386298
4.539999999999948,0.9789150612493124,0.9773089319844516,0.9769073996682364
4.549999999999947,0.9791528835394839,0.9775578906944914,0.9771591424832432
4.559999999999947,0.9793880433010214,0.9778041650945346,0.9774081955429128
4.569999999999947,0.9796205691950599,0.9780477825415537,0.9776545858781771
4.579999999999947,0.9798504896093695,0.9782887701558484,0.977898340292468
4.589999999999947,0.9800778326600434,0.9785271548220539,0.9781394853625565
4.599999999999946,0.9803026261932004,0.9787629631901826,0.9783780474394282
4.609999999999946,0.9805248977866926,0.9789962216766781,0.9786140526491744
4.619999999999946,0.9807446747518321,0.9792269564654974,0.9788475268939136
4.629999999999946,0.9809619841351302,0.9794551935092055,0.9790784958527243
4.6399999999999455,0.9811768527200384,0.9796809585300938,0.9793069849826077
4.649999999999945,0.9813893070287081,0.9799042770213204,0.9795330195194735
4.659999999999945,0.9815993733237567,0.9801251742480561,0.979756624479131
4.669999999999945,0.9818070776100397,0.9803436752486613,0.9799778246583167
4.679999999999945,0.9820124456364361,0.9805598048358708,0.9801966446357295
4.689999999999944,0.9822155028976323,0.9807735875979934,0.9804131087730836
4.699999999999944,0.9824162746359242,0.9809850479001332,0.9806272412161854
4.709999999999944,0.9826147858430161,0.9811942098854206,0.9808390658960218
4.719999999999944,0.9828110612618264,0.9814010974762526,0.9810486065298591
4.729999999999944,0.9830051253883025,0.9816057343755551,0.9812558866223682
4.739999999999943,0.9831970024732353,0.9818081440680517,0.9814609294667559
4.749999999999943,0.9833867165240798,0.9820083498215442,0.9816637581459102
4.759999999999943,0.9835742913067783,0.9822063746882074,0.9818643955335646
4.769999999999943,0.9837597503475847,0.9824022415058935,0.9820628642954707
4.7799999999999425,0.9839431169348932,0.9825959728994382,0.9822591868905745
4.789999999999942,0.9841244141210692,0.9827875912819951,0.9824533855722266
4.799999999999942,0.984303664724276,0.9829771188563546,0.9826454823893743
4.809999999999942,0.9844808913303092,0.9831645776162936,0.9828354991877897
4.819999999999942,0.9846561162944246,0.9833499893479158,0.9830234576112886
4.8299999999999415,0.9848293617431718,0.9835333756310091,0.9832093791029684
4.839999999999941,0.9850006495762214,0.9837147578404075,0.9833932849064541
4.849999999999941,0.9851700014681963,0.9838941571473565,0.9835751960671466
4.859999999999941,0.9853374388704987,0.9840715945208887,0.9837551334334861
4.869999999999941,0.9855029830131328,0.9842470907291974,0.9839331176582135
4.87999999999994,0.9856666549065309,0.9844206663410269,0.9841091691996509
4.88999999999994,0.985828475343372,0.9845923417270535,0.9842833083229738
4.89999999999994,0.9859884649003987,0.9847621370612804,0.9844555551015008
4.90999999999994,0.9861466439402304,0.9849300723224288,0.9846259294179783
4.9199999999999395,0.9863030326131744,0.9850961672953411,0.9847944509658828
4.929999999999939,0.9864576508590295,0.9852604415723772,0.9849611392507142
4.939999999999939,0.9866105184088884,0.9854229145548173,0.9851260135912996
4.949999999999939,0.986761654786935,0.9855836054542699,0.9852890931211036
4.959999999999939,0.9869110793122318,0.9857425332940717,0.9854503967895317
4.9699999999999385,0.9870588111005096,0.9858997169107022,0.9856099433632504
4.979999999999938,0.9872048690659472,0.9860551749551848,0.9857677514274942
4.989999999999938,0.9873492719229432,0.9862089258944987,0.9859238393873876
4.999999999999938,0.9874920381878857,0.9863609880129873,0.9860782254692626
5.009999999999938,0.9876331861809138,0.9865113794137631,0.9862309277219754
5.019999999999937,0.9877727340276714,0.9866601180201191,0.986381964018231
5.029999999999937,0.9879106996610574,0.9868072215769326,0.9865313520559014
5.039999999999937,0.9880471008229648,0.9869527076520712,0.9866791093593479
5.049999999999937,0.9881819550660129,0.9870965936377963,0.9868252532807421
5.0599999999999365,0.988315279755275,0.9872388967521653,0.9869698010013878
5.069999999999936,0.9884470920699971,0.9873796340404314,0.98711276953304
5.079999999999936,0.9885774090053058,0.9875188223764451,0.9872541757192299
5.089999999999936,0.9887062473739112,0.9876564784640394,0.9873940362365714
5.099999999999936,0.9888336238077992,0.9877926188384317,0.9875323675960899
5.1099999999999355,0.9889595547599196,0.9879272598676081,0.9876691861445303
5.119999999999935,0.9890840565058593,0.9880604177537115,0.9878045080656744
5.129999999999935,0.9892071451455111,0.988192108534421,0.9879383493816485
5.139999999999935,0.9893288366047314,0.988322348084333,0.9880707259542333
5.149999999999935,0.9894491466369908,0.9884511521163327,0.9882016534861682
5.159999999999934,0.9895680908250133,0.9885785361829678,0.9883311475224564
5.169999999999934,0.9896856845824077,0.9887045156778115,0.9884592234516625
5.179999999999934,0.989801943155288,0.9888291058368253,0.9885858965072096
5.189999999999934,0.9899168816238854,0.9889523217397143,0.9887111817686713
5.199999999999934,0.9900305149041502,0.9890741783112795,0.9888350941630619
5.209999999999933,0.9901428577493429,0.9891946903227625,0.9889576484661176
5.219999999999933,0.9902539247516178,0.9893138723931904,0.9890788593035835
5.229999999999933,0.9903637303435945,0.9894317389907059,0.9891987411524837
5.239999999999933,0.9904722887999192,0.9895483044339014,0.989317308342397
5.2499999999999325,0.9905796142388166,0.9896635828931436,0.9894345750567253
5.259999999999932,0.9906857206236317,0.9897775883918862,0.9895505553339499
5.269999999999932,0.9907906217643602,0.989890334807989,0.9896652630688962
5.279999999999932,0.9908943313191703,0.9900018358750208,0.9897787120139834
5.289999999999932,0.9909968627959115,0.9901121051835569,0.9898909157804682
5.299999999999931,0.991098229553615,0.9902211561824761,0.9900018878396912
5.309999999999931,0.9911984448039839,0.9903290021802484,0.9901116415243145
5.319999999999931,0.9912975216128684,0.9904356563462078,0.9902201900295426
5.329999999999931,0.9913954729017375,0.9905411317118349,0.9903275464143592
5.339999999999931,0.9914923114491325,0.9906454411720166,0.9904337236027376
5.34999999999993,0.9915880498921149,0.9907485974863096,0.9905387343848583
5.35999999999993,0.9916827007277031,0.9908506132801908,0.9906425914183126
5.36999999999993,0.9917762763142948,0.9909515010463017,0.9907453072293035
5.37999999999993,0.9918687888730819,0.9910512731456914,0.9908468942138438
5.3899999999999295,0.9919602504894544,0.9911499418090415,0.9909473646389383
5.399999999999929,0.9920506731143888,0.9912475191378917,0.9910467306437674
5.409999999999929,0.9921400685658357,0.9913440171058575,0.9911450042408629
5.419999999999929,0.9922284485300841,0.9914394475598372,0.9912421973172754
5.429999999999929,0.9923158245631243,0.9915338222212131,0.9913383216357353
5.4399999999999284,0.9924022080919954,0.9916271526870443,0.9914333888358065
5.449999999999928,0.9924876104161221,0.9917194504312526,0.9915274104350352
5.459999999999928,0.9925720427086425,0.9918107268058008,0.9916203978300904
5.469999999999928,0.9926555160177252,0.9919009930418632,0.9917123622978976
5.479999999999928,0.9927380412678701,0.9919902602509848,0.9918033149967633
5.489999999999927,0.9928196292612093,0.9920785394262421,0.9918932669675005
5.499999999999927,0.9929002906787818,0.9921658414433818,0.9919822291345317
5.509999999999927,0.9929800360818126,0.9922521770619649,0.992070212307003
5.519999999999927,0.9930588759129717,0.9923375569264965,0.9921572271798778
5.5299999999999265,0.9931368204976246,0.992421991567545,0.992243284335025
5.539999999999926,0.9932138800450734,0.9925054914028612,0.992328394242308
5.549999999999926,0.9932900646497851,0.9925880667384819,0.9924125672606561
5.559999999999926,0.9933653842926106,0.9926697277698302,0.9924958136391351
5.569999999999926,0.9934398488419905,0.9927504845828032,0.9925781435180064
5.5799999999999255,0.9935134680551572,0.9928303471548588,0.9926595669297843
5.589999999999925,0.9935862515793158,0.9929093253560847,0.9927400938002768
5.599999999999925,0.9936582089528223,0.9929874289502688,0.9928197339496304
5.609999999999925,0.993729349606349,0.9930646675959527,0.9928984970933535
5.619999999999925,0.9937996828640406,0.9931410508474865,0.9929763928433479
5.629999999999924,0.9938692179446555,0.993216588156068,0.993053430708921
5.639999999999924,0.9939379639627022,0.9932912888707743,0.9931296200977924
5.649999999999924,0.9940059299295614,0.9933651622395915,0.9932049703170989
5.659999999999924,0.9940731247545994,0.9934382174104285,0.9932794905743858
5.6699999999999235,0.9941395572462719,0.9935104634321283,0.9933531899785925
5.679999999999923,0.994205236113214,0.9935819092554655,0.9934260775410284
5.689999999999923,0.9942701699653262,0.9936525637341463,0.9934981621763515
5.699999999999923,0.9943343673148434,0.9937224356257862,0.9935694527035219
5.709999999999923,0.9943978365773976,0.9937915335928886,0.9936399578467614
5.7199999999999225,0.9944605860730716,0.9938598662038164,0.9937096862365026
5.729999999999922,0.9945226240274397,0.9939274419337494,0.9937786464103269
5.739999999999922,0.9945839585725986,0.9939942691656402,0.9938468468139006
5.749999999999922,0.9946445977481913,0.9940603561911537,0.9939142958018943
5.759999999999922,0.9947045495024194,0.9941257112116094,0.993981001638907
5.769999999999921,0.9947638216930441,0.9941903423389058,0.9940469725003711
5.779999999999921,0.9948224220883803,0.9942542575964444,0.9941122164734604
5.789999999999921,0.9948803583682795,0.9943174649200391,0.994176741557979
5.799999999999921,0.9949376381251023,0.9943799721588235,0.9942405556672538
5.809999999999921,0.9949942688646845,0.9944417870761465,0.9943036666290119
5.81999999999992,0.9950502580072869,0.9945029173504644,0.9943660821862588
5.82999999999992,0.995105612888547,0.9945633705762162,0.9944278099981335
5.83999999999992,0.9951603407604098,0.9946231542647048,0.9944888576407785
5.84999999999992,0.9952144487920555,0.994682275844956,0.9945492326081812
5.8599999999999195,0.9952679440708161,0.9947407426645813,0.9946089423130227
5.869999999999919,0.9953208336030848,0.994798561990626,0.9946679940875113
5.879999999999919,0.9953731243152119,0.9948557410104116,0.9947263951842116
5.889999999999919,0.9954248230543989,0.9949122868323732,0.9947841527768668
5.899999999999919,0.995475936589575,0.9949682064868857,0.9948412739612134
5.909999999999918,0.9955264716122707,0.9950235069270817,0.9948977657557845
5.919999999999918,0.9955764347374807,0.9950781950296682,0.9949536351027151
5.929999999999918,0.9956258325045197,0.9951322775957293,0.9950088888685317
5.939999999999918,0.9956746713778635,0.9951857613515243,0.9950635338449394
5.949999999999918,0.9957229577479904,0.9952386529492763,0.9951175767495978
5.959999999999917,0.9957706979322071,0.9952909589679578,0.9951710242268954
5.969999999999917,0.9958178981754677,0.9953426859140638,0.9952238828487128
5.979999999999917,0.9958645646511872,0.9953938402223834,0.9952761591151825
5.989999999999917,0.9959107034620416,0.995444428256757,0.9953278594554359
5.9999999999999165,0.9959563206407648,0.9954944563108334,0.9953789902283505
6.009999999999916,0.996001422150932,0.9955439306088115,0.9954295577232813
6.019999999999916,0.9960460138877396,0.9955928573061883,0.9954795681608004
6.029999999999916,0.9960901016787764,0.9956412424904851,0.9955290276934123
6.039999999999916,0.9961336912847812,0.9956890921819737,0.9955779424062717
6.0499999999999154,0.9961767884004006,0.9957364123343985,0.9956263183178979
6.059999999999915,0.9962193986549319,0.9957832088356837,0.9956741613808717
6.069999999999915,0.9962615276130631,0.9958294875086418,0.9957214774825364
6.079999999999915,0.9963031807756023,0.9958752541116705,0.9957682724456876
6.089999999999915,0.9963443635801996,0.9959205143394432,0.9958145520292541
6.099999999999914,0.9963850814020621,0.9959652738235938,0.9958603219289768
6.109999999999914,0.9964253395546617,0.9960095381333963,0.9959055877780799
6.119999999999914,0.9964651432904341,0.9960533127764332,0.995950355147933
6.129999999999914,0.996504497801471,0.996096603199262,0.9959946295487098
6.1399999999999135,0.996543408220204,0.9961394147880722,0.9960384164300393
6.149999999999913,0.996581879620083,0.9961817528693376,0.9960817211816513
6.159999999999913,0.9966199170162481,0.9962236227104638,0.9961245491340177
6.169999999999913,0.996657525366188,0.9962650295204205,0.9961669055589786
6.179999999999913,0.996694709570398,0.9963059784503799,0.9962087956703753
6.1899999999999125,0.9967314744730317,0.9963464745943412,0.9962502246246686
6.199999999999912,0.9967678248625369,0.9963865229897471,0.9962911975215496
6.209999999999912,0.9968037654722943,0.9964261286181051,0.9963317194045578
6.219999999999912,0.9968393009812433,0.9964652964055821,0.9963717952616669
6.229999999999912,0.9968744360145056,0.9965040312236213,0.9964114300259003
6.239999999999911,0.9969091751439958,0.9965423378895268,0.9964506285759096
6.249999999999911,0.996943522889031,0.9965802211670534,0.9964893957365589
6.259999999999911,0.9969774837169336,0.9966176857669963,0.996527736279512
6.269999999999911,0.9970110620436199,0.9966547363477599,0.9965656549237949
6.2799999999999105,0.9970442622341922,0.9966913775159368,0.996603156336373
6.28999999999991,0.9970770886035221,0.9967276138268685,0.996640245132705
6.29999999999991,0.9971095454168184,0.9967634497852074,0.9966769258773046
6.30999999999991,0.9971416368902046,0.9967988898454712,0.9967132030842878
6.31999999999991,0.9971733671912734,0.9968339384125896,0.9967490812179186
6.3299999999999095,0.9972047404396462,0.9968685998424476,0.9967845646931479
6.339999999999909,0.997235760707525,0.9969028784424239,0.9968196578761486
6.349999999999909,0.9972664320202309,0.996936778471921,0.9968543650848436
6.359999999999909,0.9972967583567499,0.9969703041428929,0.9968886905894286
6.369999999999909,0.9973267436502565,0.9970034596203642,0.9969226386128911
6.379999999999908,0.9973563917886448,0.9970362490229466,0.9969562133315222
6.389999999999908,0.9973857066150493,0.9970686764233473,0.9969894188754218
6.399999999999908,0.9974146919283552,0.9971007458488771,0.9970222593290077
6.409999999999908,0.9974433514837093,0.9971324612819437,0.9970547387315022
6.419999999999908,0.9974716889930242,0.9971638266605529,0.9970868610774352
6.429999999999907,0.9974997081254736,0.9971948458787923,0.9971186303171219
6.439999999999907,0.9975274125079856,0.9972255227873167,0.9971500503571494
6.449999999999907,0.9975548057257286,0.9972558611938299,0.9971811250608552
6.459999999999907,0.9975818913225908,0.9972858648635524,0.9972118582487928
6.4699999999999065,0.9976086728016575,0.9973155375196951,0.9972422536992045
6.479999999999906,0.9976351536256807,0.9973448828439224,0.9972723151484829
6.489999999999906,0.997661337217543,0.997373904476808,0.9973020462916242
6.499999999999906,0.9976872269607192,0.9974026060182932,0.9973314507826867
6.509999999999906,0.9977128261997287,0.9974309910281332,0.9973605322352342
6.519999999999905,0.9977381382405854,0.9974590630263438,0.9973892942227834
6.529999999999905,0.9977631663512418,0.9974868254936372,0.997417740279236
6.539999999999905,0.9977879137620302,0.9975142818718636,0.9974458738993219
6.549999999999905,0.9978123836660948,0.9975414355644356,0.9974736985390209
6.559999999999905,0.9978365792198203,0.9975682899367577,0.9975012176159921
6.569999999999904,0.9978605035432585,0.9975948483166444,0.9975284345099908
6.579999999999904,0.9978841597205477,0.9976211139947415,0.9975553525632899
6.589999999999904,0.9979075508003277,0.9976470902249358,0.9975819750810878
6.599999999999904,0.9979306797961467,0.9976727802247618,0.9976083053319156
6.6099999999999035,0.9979535496868721,0.9976981871758065,0.99763434654804
6.619999999999903,0.9979761634170874,0.9977233142241123,0.9976601019258685
6.629999999999903,0.9979985238974922,0.9977481644805658,0.9976855746263341
6.639999999999903,0.9980206340052895,0.9977727410212941,0.9977107677752952
6.649999999999903,0.9980424965845767,0.9977970468880437,0.9977356844639105
6.659999999999902,0.9980641144467277,0.9978210850885741,0.9977603277490357
6.669999999999902,0.9980854903707709,0.9978448585970251,0.9977847006535887
6.679999999999902,0.9981066271037641,0.9978683703542983,0.9978088061669319
6.689999999999902,0.9981275273611638,0.9978916232684226,0.9978326472452372
6.699999999999902,0.9981481938271919,0.9979146202149242,0.9978562268118573
6.709999999999901,0.9981686291551973,0.9979373640371856,0.9978795477576827
6.719999999999901,0.9981888359680111,0.997959857546804,0.9979026129415023
6.729999999999901,0.9982088168583051,0.9979821035239494,0.9979254251903604
6.739999999999901,0.998228574388935,0.9980041047177106,0.9979479872999044
6.7499999999999005,0.9982481110932895,0.9980258638464423,0.9979703020347306
6.7599999999999,0.9982674294756313,0.9980473835981121,0.9979923721287323
6.7699999999999,0.9982865320114339,0.9980686666306346,0.9980142002854347
6.7799999999999,0.9983054211477128,0.9980897155722086,0.9980357891783326
6.7899999999999,0.9983240993033624,0.9981105330216525,0.998057141451225
6.7999999999998995,0.9983425688694734,0.9981311215487259,0.9980782597185389
6.809999999999899,0.9983608322096597,0.9981514836944592,0.998099146565659
6.819999999999899,0.9983788916603761,0.9981716219714726,0.9981198045492468
6.829999999999899,0.9983967495312335,0.9981915388642939,0.998140236197559
6.839999999999899,0.9984144081053083,0.9982112368296729,0.9981604440107641
6.849999999999898,0.9984318696394541,0.9982307182968928,0.9981804304612525
6.859999999999898,0.998449136364599,0.998249985668075,0.9982001979939439
6.869999999999898,0.9984662104860524,0.998269041318484,0.9982197490265919
6.879999999999898,0.9984830941837988,0.9982878875968291,0.9982390859500867
6.8899999999998975,0.9984997896127933,0.9983065268255598,0.9982582111287513
6.899999999999897,0.9985162989032508,0.998324961301163,0.998277126900641
6.909999999999897,0.9985326241609321,0.9983431932944474,0.9982958355778262
6.919999999999897,0.998548767467429,0.9983612250508388,0.9983143394466911
6.929999999999897,0.9985647308804438,0.9983790587906557,0.9983326407682086
6.9399999999998965,0.9985805164340655,0.9983966967093998,0.9983507417782334
6.949999999999896,0.9985961261390474,0.9984141409780268,0.9983686446877716
6.959999999999896,0.9986115619830717,0.9984313937432244,0.9983863516832626
6.969999999999896,0.9986268259310229,0.9984484571276856,0.9984038649268512
6.979999999999896,0.9986419199252484,0.9984653332303735,0.9984211865566548
6.989999999999895,0.998656845885822,0.9984820241267905,0.9984383186870327
6.999999999999895,0.9986716057107998,0.9984985318692396,0.9984552634088496
7.009999999999895,0.998686201276479,0.9985148584870883,0.9984720227897406
7.019999999999895,0.998700634437648,0.9985310059870206,0.9984885988743637
7.0299999999998946,0.9987149070278358,0.9985469763532936,0.998504993684658
7.039999999999894,0.9987290208595583,0.9985627715479906,0.9985212092200986
7.049999999999894,0.998742977724565,0.9985783935112663,0.9985372474579417
7.059999999999894,0.9987567793940754,0.9985938441615988,0.9985531103534796
7.069999999999894,0.9987704276190195,0.9986091253960235,0.9985687998402746
7.0799999999998935,0.9987839241302743,0.9986242390903841,0.9985843178304116
7.089999999999893,0.9987972706388938,0.9986391870995628,0.9985996662147301
7.099999999999893,0.9988104688363395,0.9986539712577192,0.998614846863064
7.109999999999893,0.9988235203947097,0.9986685933785221,0.9986298616244751
7.119999999999893,0.9988364269669601,0.998683055255378,0.9986447123274824
7.129999999999892,0.9988491901871297,0.9986973586616624,0.9986594007802956
7.139999999999892,0.9988618116705584,0.9987115053509414,0.9986739287710372
7.149999999999892,0.9988742930141024,0.998725497057193,0.9986882980679657
7.159999999999892,0.9988866357963516,0.9987393354950342,0.9987025104197049
7.169999999999892,0.9988988415778385,0.9987530223599265,0.9987165675554486
7.179999999999891,0.9989109119012486,0.9987665593284041,0.998730471185193
7.189999999999891,0.9989228482916287,0.9987799480582759,0.9987442229999377
7.199999999999891,0.9989346522565871,0.998793190188843,0.998757824671907
7.209999999999891,0.9989463252865012,0.998806287341101,0.998771277854751
7.2199999999998905,0.9989578688547134,0.9988192411179526,0.9987845841837624
7.22999999999989,0.9989692844177304,0.9988320531044029,0.998797745276071
7.23999999999989,0.998980573415416,0.998844724867765,0.9988107627308522
7.24999999999989,0.9989917372711867,0.9988572579578604,0.9988236381295288
7.25999999999989,0.9990027773922003,0.9988696539072103,0.9988363730359627
7.269999999999889,0.9990136951695454,0.9988819142312348,0.9988489689966572
7.279999999999889,0.9990244919784261,0.9988940404284418,0.9988614275409456
7.289999999999889,0.9990351691783473,0.9989060339806197,0.9988737501811878
7.299999999999889,0.999045728113296,0.9989178963530214,0.9988859384129528
7.309999999999889,0.9990561701119225,0.9989296289945571,0.9988979937152156
7.319999999999888,0.9990664964877137,0.9989412333379687,0.9989099175505324
7.329999999999888,0.9990767085391739,0.998952710800019,0.9989217113652303
7.339999999999888,0.9990868075499941,0.9989640627816676,0.9989333765895859
7.349999999999888,0.9990967947892273,0.9989752906682512,0.9989449146380072
7.3599999999998875,0.9991066715114545,0.9989863958296554,0.9989563269092057
7.369999999999887,0.9991164389569537,0.9989973796204913,0.9989676147863757
7.379999999999887,0.9991260983518643,0.9990082433802654,0.9989787796373656
7.389999999999887,0.9991356509083529,0.9990189884335521,0.9989898228148519
7.399999999999887,0.9991450978247736,0.9990296160901576,0.9990007456565037
7.4099999999998865,0.9991544402858279,0.9990401276452892,0.9990115494851546
7.419999999999886,0.999163679462721,0.9990505243797171,0.9990222356089661
7.429999999999886,0.9991728165133209,0.9990608075599385,0.999032805321593
7.439999999999886,0.9991818525823108,0.9990709784383356,0.9990432599023418
7.449999999999886,0.999190788801342,0.9990810382533373,0.9990536006163362
7.459999999999885,0.9991996262891851,0.9990909882295749,0.9990638287146724
7.469999999999885,0.9992083661518766,0.9991008295780344,0.9990739454345737
7.479999999999885,0.9992170094828697,0.9991105634962152,0.9990839519995515
7.489999999999885,0.9992255573631755,0.9991201911682747,0.9990938496195495
7.4999999999998845,0.9992340108615106,0.9991297137651859,0.9991036394911047
7.509999999999884,0.999242371034437,0.9991391324448782,0.9991133227974884
7.519999999999884,0.9992506389265043,0.9991484483523908,0.9991229007088624
7.529999999999884,0.9992588155703842,0.9991576626200113,0.9991323743824181
7.539999999999884,0.9992669019870138,0.9991667763674253,0.9991417449625283
7.5499999999998835,0.9992748991857262,0.9991757907018506,0.9991510135808817
7.559999999999883,0.9992828081643857,0.9991847067181823,0.9991601813566314
7.569999999999883,0.9992906299095228,0.9991935254991333,0.999169249396536
7.579999999999883,0.999298365396462,0.9992022481153646,0.9991782187950903
7.589999999999883,0.9993060155894511,0.9992108756256257,0.9991870906346694
7.599999999999882,0.9993135814417908,0.9992194090768868,0.9991958659856608
7.609999999999882,0.9993210638959603,0.999227849504468,0.9992045459065948
7.619999999999882,0.9993284638837412,0.9992361979321784,0.9992131314442877
7.629999999999882,0.9993357823263429,0.9992444553724374,0.999221623633961
7.6399999999998816,0.9993430201345221,0.9992526228264061,0.9992300234993772
7.649999999999881,0.9993501782087042,0.9992607012841108,0.9992383320529624
7.659999999999881,0.9993572574391045,0.9992686917245736,0.9992465502959408
7.669999999999881,0.9993642587058419,0.9992765951159313,0.9992546792184536
7.679999999999881,0.9993711828790589,0.999284412415558,0.9992627197996827
7.6899999999998805,0.9993780308190345,0.9992921445701901,0.999270673007979
7.69999999999988,0.9993848033762985,0.9992997925160373,0.9992785398009719
7.70999999999988,0.9993915013917432,0.9993073571789108,0.9992863211257028
7.71999999999988,0.9993981256967361,0.999314839474334,0.9992940179187335
7.72999999999988,0.9994046771132267,0.9993222403076563,0.9993016311062636
7.739999999999879,0.9994111564538578,0.9993295605741745,0.9993091616042538
7.749999999999879,0.9994175645220705,0.9993368011592375,0.9993166103185293
7.759999999999879,0.9994239021122123,0.999343962938365,0.9993239781449031
7.769999999999879,0.9994301700096395,0.9993510467773525,0.9993312659692808
7.779999999999879,0.9994363689908216,0.9993580535323826,0.9993384746677729
7.789999999999878,0.9994424998234436,0.9993649840501329,0.9993456051068051
7.799999999999878,0.999448563266508,0.9993718391678833,0.9993526581432272
7.809999999999878,0.9994545600704317,0.9993786197136187,0.9993596346244155
7.819999999999878,0.9994604909771481,0.9993853265061368,0.9993665353883839
7.8299999999998775,0.9994663567202021,0.9993919603551474,0.9993733612638838
7.839999999999877,0.9994721580248488,0.9993985220613795,0.9993801130705121
7.849999999999877,0.9994778956081459,0.9994050124166748,0.9993867916188071
7.859999999999877,0.9994835701790514,0.999411432204095,0.9993933977103558
7.869999999999877,0.9994891824385128,0.9994177821980148,0.9993999321378904
7.879999999999876,0.9994947330795629,0.9994240631642208,0.9994063956853854
7.889999999999876,0.9995002227874069,0.9994302758600097,0.9994127891281603
7.899999999999876,0.9995056522395158,0.9994364210342802,0.9994191132329713
7.909999999999876,0.9995110221057122,0.9994424994276285,0.9994253687581076
7.919999999999876,0.9995163330482596,0.9994485117724433,0.9994315564534892
7.929999999999875,0.99952158572195,0.9994544587929952,0.9994376770607565
7.939999999999875,0.9995267807741888,0.9994603412055286,0.9994437313133636
7.949999999999875,0.9995319188450773,0.9994661597183516,0.9994497199366702
7.959999999999875,0.9995370005675005,0.9994719150319246,0.9994556436480306
7.9699999999998745,0.9995420265672068,0.9994776078389483,0.9994615031568838
7.979999999999874,0.9995469974628908,0.9994832388244508,0.9994672991648408
7.989999999999874,0.9995519138662748,0.9994888086658753,0.9994730323657753
7.999999999999874,0.9995567763821878,0.9994943180331604,0.9994787034459035
8.009999999999874,0.9995615856086444,0.9994997675888275,0.9994843130838733
8.019999999999873,0.9995663421369227,0.999505157988065,0.9994898619508507
8.029999999999873,0.9995710465516439,0.999510489878807,0.9994953507105977
8.039999999999873,0.9995756994308446,0.9995157639018174,0.9995007800195606
8.049999999999873,0.9995803013460547,0.9995209806907668,0.9995061505269448
8.059999999999873,0.9995848528623726,0.9995261408723173,0.9995114628748034
8.069999999999872,0.9995893545385366,0.9995312450661955,0.9995167176981102
8.079999999999872,0.9995938069269986,0.9995362938852718,0.99952191562484
8.089999999999872,0.9995982105739959,0.9995412879356383,0.999527057276049
8.099999999999872,0.9996025660196215,0.9995462278166833,0.9995321432659487
8.109999999999872,0.9996068737978984,0.9995511141211685,0.999537174201986
8.119999999999871,0.9996111344368428,0.9995559474352993,0.9995421506849134
8.129999999999871,0.9996153484585377,0.9995607283388008,0.9995470733088665
8.139999999999871,0.9996195163791969,0.9995654574049899,0.9995519426614381
8.14999999999987,0.999623638709236,0.9995701352008473,0.99955675932375
8.15999999999987,0.9996277159533363,0.9995747622870865,0.9995615238705241
8.16999999999987,0.9996317486105095,0.9995793392182257,0.9995662368701548
8.17999999999987,0.9996357371741642,0.9995838665426574,0.9995708988847807
8.18999999999987,0.9996396821321702,0.9995883448027137,0.9995755104703496
8.19999999999987,0.9996435839669198,0.9995927745347385,0.9995800721766932
8.20999999999987,0.9996474431553912,0.9995971562691506,0.9995845845475904
8.21999999999987,0.9996512601692109,0.9996014905305104,0.9995890481208353
8.229999999999869,0.9996550354747145,0.9996057778375896,0.9995934634283083
8.239999999999869,0.999658769533006,0.99961001870343,0.999597830996036
8.249999999999869,0.9996624628000186,0.9996142136354105,0.9996021513442586
8.259999999999868,0.9996661157265736,0.9996183631353094,0.9996064249874934
8.269999999999868,0.9996697287584378,0.9996224676993682,0.9996106524346009
8.279999999999868,0.9996733023363822,0.9996265278183527,0.9996148341888453
8.289999999999868,0.999676836896238,0.9996305439776134,0.9996189707479572
8.299999999999867,0.9996803328689541,0.9996345166571469,0.9996230626041951
8.309999999999867,0.9996837906806508,0.9996384463316549,0.9996271102444059
8.319999999999867,0.9996872107526762,0.9996423334706028,0.9996311141500845
8.329999999999867,0.9996905935016602,0.9996461785382812,0.9996350747974364
8.339999999999867,0.9996939393395696,0.9996499819938599,0.9996389926574324
8.349999999999866,0.9996972486737583,0.9996537442914455,0.9996428681958673
8.359999999999866,0.9997005219070203,0.999657465880141,0.9996467018734212
8.369999999999866,0.9997037594376446,0.9996611472040986,0.999650494145712
8.379999999999866,0.9997069616594636,0.999664788702573,0.9996542454633504
8.389999999999866,0.9997101289619043,0.9996683908099843,0.9996579562720043
8.399999999999865,0.9997132617300396,0.9996719539559621,0.9996616270124427
8.409999999999865,0.9997163603446356,0.9996754785654027,0.9996652581205945
8.419999999999865,0.9997194251822021,0.9996789650585248,0.9996688500276054
8.429999999999865,0.9997224566150414,0.9996824138509175,0.9996724031598865
8.439999999999864,0.9997254550112948,0.9996858253535926,0.999675917939167
8.449999999999864,0.9997284207349904,0.99968919997304,0.9996793947825523
8.459999999999864,0.9997313541460902,0.9996925381112699,0.9996828341025649
8.469999999999864,0.9997342556005349,0.9996958401658687,0.9996862363072021
8.479999999999864,0.9997371254502909,0.9996991065300479,0.999689601799987
8.489999999999863,0.9997399640433964,0.9997023375926912,0.999692930980015
8.499999999999863,0.9997427717240029,0.9997055337384027,0.9996962242420026
8.509999999999863,0.999745548832421,0.9997086953475542,0.9996994819763376
8.519999999999863,0.9997482957051658,0.9997118227963352,0.9997027045691276
8.529999999999863,0.9997510126749949,0.9997149164567948,0.9997058924022448
8.539999999999862,0.9997537000709575,0.9997179766968931,0.9997090458533769
8.549999999999862,0.9997563582184312,0.9997210038805407,0.9997121652960681
8.559999999999862,0.9997589874391662,0.9997239983676488,0.9997152510997696
8.569999999999862,0.9997615880513248,0.9997269605141718,0.9997183036298835
8.579999999999862,0.9997641603695244,0.99972989067215,0.9997213232478064
8.589999999999861,0.9997667047048748,0.9997327891897551,0.9997243103109752
8.599999999999861,0.9997692213650202,0.9997356564113334,0.9997272651729117
8.60999999999986,0.999771710654177,0.9997384926774451,0.9997301881832621
8.61999999999986,0.9997741728731727,0.9997412983249103,0.9997330796878446
8.62999999999986,0.9997766083194873,0.9997440736868489,0.9997359400286893
8.63999999999986,0.9997790172872856,0.9997468190927223,0.9997387695440816
8.64999999999986,0.9997814000674585,0.99974953486837,0.9997415685685979
8.65999999999986,0.9997837569476593,0.9997522213360567,0.999744337433156
8.66999999999986,0.9997860882123408,0.999754878814509,0.9997470764650509
8.67999999999986,0.9997883941427903,0.9997575076189513,0.9997497859879916
8.68999999999986,0.9997906750171653,0.9997601080611505,0.9997524663221468
8.699999999999859,0.9997929311105315,0.9997626804494492,0.9997551177841786
8.709999999999859,0.9997951626948935,0.9997652250888066,0.9997577406872848
8.719999999999859,0.9997973700392333,0.999767742280838,0.9997603353412392
8.729999999999858,0.9997995534095411,0.9997702323238458,0.9997629020524219
8.739999999999858,0.9998017130688526,0.9997726955128609,0.999765441123863
8.749999999999858,0.999803849277279,0.9997751321396801,0.9997679528552803
8.759999999999858,0.9998059622920431,0.9997775424928974,0.999770437543111
8.769999999999857,0.9998080523675069,0.9997799268579414,0.99977289548055
8.779999999999857,0.9998101197552118,0.9997822855171133,0.9997753269575888
8.789999999999857,0.9998121647039028,0.9997846187496181,0.9997777322610469
8.799999999999857,0.9998141874595637,0.9997869268315996,0.9997801116746086
8.809999999999857,0.9998161882654483,0.9997892100361747,0.9997824654788563
8.819999999999856,0.9998181673621103,0.9997914686334681,0.9997847939513076
8.829999999999856,0.9998201249874331,0.9997937028906434,0.9997870973664459
8.839999999999856,0.9998220613766616,0.9997959130719365,0.9997893759957552
8.849999999999856,0.9998239767624308,0.9997980994386892,0.9997916301077538
8.859999999999856,0.9998258713747953,0.9998002622493816,0.999793859968028
8.869999999999855,0.999827745441259,0.9998024017596602,0.9997960658392604
8.879999999999855,0.9998295991868027,0.999804518222372,0.9997982479812644
8.889999999999855,0.9998314328339131,0.9998066118875956,0.9998004066510162
8.899999999999855,0.9998332466026106,0.9998086830026734,0.9998025421026892
8.909999999999854,0.9998350407104791,0.9998107318122379,0.9998046545876776
8.919999999999854,0.9998368153726895,0.999812758558244,0.9998067443546327
8.929999999999854,0.9998385708020308,0.9998147634799984,0.9998088116494903
8.939999999999854,0.9998403072089337,0.9998167468141896,0.9998108567155037
8.949999999999854,0.9998420248014985,0.999818708794915,0.999812879793269
8.959999999999853,0.9998437237855231,0.9998206496537118,0.9998148811207588
8.969999999999853,0.9998454043645241,0.9998225696195833,0.999816860933348
8.979999999999853,0.9998470667397676,0.999824468919027,0.9998188194638419
8.989999999999853,0.9998487111102918,0.9998263477760665,0.9998207569425102
8.999999999999853,0.9998503376729323,0.9998282064122721,0.9998226735971071
9.009999999999852,0.9998519466223469,0.9998300450467933,0.9998245696529049
9.019999999999852,0.9998535381510403,0.9998318638963808,0.9998264453327159
9.029999999999852,0.9998551124493888,0.9998336631754199,0.9998283008569276
9.039999999999852,0.9998566697056621,0.9998354430959495,0.9998301364435214
9.049999999999851,0.999858210106049,0.9998372038676916,0.9998319523081023
9.059999999999851,0.9998597338346821,0.9998389456980771,0.9998337486639258
9.069999999999851,0.9998612410736548,0.9998406687922687,0.9998355257219221
9.07999999999985,0.999862732003052,0.9998423733531898,0.9998372836907243
9.08999999999985,0.9998642068009668,0.9998440595815449,0.9998390227766895
9.09999999999985,0.9998656656435255,0.9998457276758479,0.9998407431839285
9.10999999999985,0.9998671087049095,0.9998473778324438,0.9998424451143274
9.11999999999985,0.9998685361573745,0.9998490102455313,0.9998441287675706
9.12999999999985,0.9998699481712775,0.999850625107193,0.9998457943411719
9.13999999999985,0.9998713449150927,0.9998522226074112,0.9998474420304909
9.14999999999985,0.9998727265554349,0.9998538029340946,0.9998490720287595
9.15999999999985,0.9998740932570798,0.9998553662731022,0.9998506845271078
9.169999999999849,0.9998754451829857,0.9998569128082628,0.9998522797145821
9.179999999999849,0.9998767824943127,0.9998584427214001,0.9998538577781719
9.189999999999849,0.9998781053504423,0.9998599561923526,0.9998554189028301
9.199999999999848,0.9998794139089995,0.9998614533989982,0.999856963271498
9.209999999999848,0.9998807083258701,0.9998629345172734,0.9998584910651243
9.219999999999848,0.9998819887552207,0.9998643997211957,0.9998600024626894
9.229999999999848,0.9998832553495204,0.9998658491828865,0.9998614976412279
9.239999999999847,0.9998845082595554,0.9998672830725859,0.9998629767758436
9.249999999999847,0.9998857476344514,0.9998687015586811,0.9998644400397385
9.259999999999847,0.9998869736216898,0.9998701048077221,0.9998658876042301
9.269999999999847,0.9998881863671281,0.9998714929844439,0.9998673196387728
9.279999999999847,0.9998893860150175,0.9998728662517847,0.9998687363109765
9.289999999999846,0.9998905727080191,0.9998742247709086,0.9998701377866309
9.299999999999846,0.9998917465872245,0.9998755687012225,0.999871524229722
9.309999999999846,0.99989290779217,0.999876898200394,0.99987289580245
9.319999999999846,0.9998940564608579,0.9998782134243764,0.999874252665256
9.329999999999846,0.9998951927297695,0.9998795145274209,0.9998755949768336
9.339999999999845,0.999896316733885,0.9998808016621012,0.9998769228941553
9.349999999999845,0.9998974286067002,0.9998820749793286,0.9998782365724856
9.359999999999845,0.9998985284802394,0.9998833346283666,0.9998795361653984
9.369999999999845,0.9998996164850779,0.9998845807568597,0.9998808218248051
9.379999999999844,0.9999006927503526,0.9998858135108409,0.9998820937009629
9.389999999999844,0.9999017574037815,0.9998870330347542,0.9998833519424974
9.399999999999844,0.9999028105716772,0.9998882394714711,0.9998845966964196
9.409999999999844,0.9999038523789645,0.9998894329623077,0.9998858281081435
9.419999999999844,0.9999048829491954,0.999890613647044,0.9998870463215062
9.429999999999843,0.9999059024045621,0.9998917816639353,0.9998882514787787
9.439999999999843,0.9999069108659159,0.9998929371497342,0.9998894437206887
9.449999999999843,0.9999079084527791,0.9998940802397074,0.9998906231864395
9.459999999999843,0.999908895283362,0.9998952110676459,0.999891790013717
9.469999999999843,0.9999098714745758,0.9998963297658899,0.9998929443387184
9.479999999999842,0.9999108371420486,0.9998974364653382,0.9998940862961605
9.489999999999842,0.9999117924001375,0.9998985312954635,0.9998952160192949
9.499999999999842,0.9999127373619446,0.999899614384335,0.9998963336399325
9.509999999999842,0.9999136721393302,0.9999006858586256,0.9998974392884494
9.519999999999841,0.999914596842928,0.999901745843635,0.9998985330938117
9.529999999999841,0.9999155115821561,0.9999027944632957,0.9998996151835805
9.539999999999841,0.9999164164652321,0.9999038318401965,0.9999006856839376
9.54999999999984,0.9999173115991878,0.9999048580955952,0.999901744719697
9.55999999999984,0.999918197089879,0.9999058733494275,0.9999027924143146
9.56999999999984,0.9999190730420014,0.9999068777203293,0.9999038288899111
9.57999999999984,0.9999199395591027,0.9999078713256462,0.9999048542672819
9.58999999999984,0.9999207967435956,0.9999088542814492,0.9999058686659125
9.59999999999984,0.9999216446967685,0.9999098267025484,0.9999068722039933
9.60999999999984,0.999922483518801,0.9999107887025066,0.999907864998433
9.61999999999984,0.9999233133087729,0.9999117403936536,0.9999088471648737
9.62999999999984,0.9999241341646806,0.9999126818870994,0.999909818817704
9.639999999999839,0.9999249461834452,0.9999136132927466,0.999910780070072
9.649999999999839,0.9999257494609262,0.9999145347193076,0.9999117310339029
9.659999999999838,0.999926544091933,0.9999154462743095,0.9999126718199036
9.669999999999838,0.9999273301702367,0.9999163480641168,0.9999136025375868
9.679999999999838,0.9999281077885819,0.9999172401939366,0.9999145232952753
9.689999999999838,0.9999288770386962,0.9999181227678356,0.9999154342001205
9.699999999999838,0.9999296380113055,0.9999189958887525,0.9999163353581143
9.709999999999837,0.9999303907961394,0.9999198596585047,0.9999172268740961
9.719999999999837,0.9999311354819491,0.9999207141778109,0.9999181088517763
9.729999999999837,0.9999318721565105,0.9999215595462917,0.999918981393737
9.739999999999837,0.9999326009066426,0.9999223958624897,0.9999198446014513
9.749999999999837,0.9999333218182119,0.9999232232238795,0.9999206985752963
9.759999999999836,0.9999340349761479,0.9999240417268765,0.9999215434145586
9.769999999999836,0.9999347404644485,0.9999248514668517,0.9999223792174525
9.779999999999836,0.9999354383661961,0.999925652538142,0.9999232060811285
9.789999999999836,0.9999361287635626,0.9999264450340621,0.999924024101687
9.799999999999836,0.9999368117378209,0.9999272290469127,0.9999248333741856
9.809999999999835,0.9999374873693571,0.9999280046679954,0.9999256339926549
9.819999999999835,0.9999381557376781,0.9999287719876235,0.99992642605011
9.829999999999835,0.9999388169214214,0.9999295310951314,0.999927209638559
9.839999999999835,0.9999394709983654,0.9999302820788817,0.9999279848490107
9.849999999999834,0.9999401180454391,0.9999310250262848,0.9999287517714962
9.859999999999834,0.9999407581387306,0.9999317600237992,0.9999295104950665
9.869999999999834,0.9999413913534969,0.9999324871569507,0.9999302611078141
9.879999999999834,0.9999420177641747,0.9999332065103382,0.999931003696879
9.889999999999834,0.9999426374443845,0.9999339181676399,0.9999317383484538
9.899999999999833,0.9999432504669459,0.9999346222116327,0.9999324651478043
9.909999999999833,0.9999438569038815,0.9999353187241955,0.999933184179274
9.919999999999833,0.9999444568264302,0.9999360077863207,0.9999338955262933
9.929999999999833,0.9999450503050493,0.999936689478121,0.9999345992713888
9.939999999999833,0.9999456374094313,0.9999373638788467,0.9999352954962005
9.949999999999832,0.9999462182085066,0.9999380310668882,0.9999359842814836
9.959999999999832,0.9999467927704535,0.9999386911197854,0.9999366657071184
9.969999999999832,0.999947361162706,0.9999393441142417,0.9999373398521255
9.979999999999832,0.9999479234519631,0.9999399901261279,0.999938006794669
9.989999999999831,0.9999484797041965,0.9999406292304965,0.9999386666120715
9.999999999999831,0.9999490299846583,0.9999412615015859,0.9999393193808179
